timestamp,angle,cir_left,cir_right,diff
1758172663925,29.792603,1.15934505E-4,0.001334751,-0.0012188165
1758172663957,29.79483,1.15934505E-4,0.001334751,-0.0012188165
1758172663968,29.79364,1.15934505E-4,0.001334751,-0.0012188165
1758172663987,29.790894,9.5454474E-5,0.001388978,-0.0012935235
1758172663998,29.790894,9.5454474E-5,0.001388978,-0.0012935235
1758172664024,29.790894,1.0661174E-4,0.0013839289,-0.0012773172
1758172664035,29.788208,1.0661174E-4,0.0013839289,-0.0012773172
1758172664051,29.79184,1.0661174E-4,0.0013839289,-0.0012773172
1758172664062,29.79184,1.2812375E-4,0.0012619268,-0.001133803
1758172664072,29.791046,1.2812375E-4,0.0012619268,-0.001133803
1758172664108,29.791046,9.7652344E-5,0.0012979297,-0.0012002774
1758172664118,29.790405,9.7652344E-5,0.0012979297,-0.0012002774
1758172664132,29.790405,1.01086975E-4,0.0013631335,-0.0012620466
1758172664141,29.786835,1.01086975E-4,0.0013631335,-0.0012620466
1758172664152,29.788666,1.01086975E-4,0.0013631335,-0.0012620466
1758172664181,29.788666,9.132608E-5,0.0012942529,-0.0012029269
1758172664191,29.789581,9.132608E-5,0.0012942529,-0.0012029269
1758172664192,29.789581,9.132608E-5,0.0012942529,-0.0012029269
1758172664215,29.789581,1.0116238E-4,0.0012771251,-0.0011759627
1758172664216,29.79486,1.0116238E-4,0.0012771251,-0.0011759627
1758172664227,29.795654,1.0116238E-4,0.0012771251,-0.0011759627
1758172664267,29.795654,1.1073004E-4,0.001270077,-0.0011593469
1758172664277,29.790588,1.1073004E-4,0.001270077,-0.0011593469
1758172664292,29.790588,1.1135025E-4,0.001220524,-0.0011091738
1758172664301,29.792267,1.1135025E-4,0.001220524,-0.0011091738
1758172664307,29.790924,1.1135025E-4,0.001220524,-0.0011091738
1758172664342,29.790924,7.562719E-5,0.0011765123,-0.0011008851
1758172664353,29.79245,7.562719E-5,0.0011765123,-0.0011008851
1758172664367,29.795044,7.562719E-5,0.0011765123,-0.0011008851
1758172664368,29.795044,9.019212E-5,0.0012006067,-0.0011104146
1758172664396,29.79419,9.019212E-5,0.0012006067,-0.0011104146
1758172664406,29.79419,7.908537E-5,0.001369289,-0.0012902037
1758172664407,29.79419,7.908537E-5,0.001369289,-0.0012902037
1758172664427,29.792633,7.908537E-5,0.001369289,-0.0012902037
1758172664467,29.792633,1.0368222E-4,0.0013811168,-0.0012774346
1758172664477,29.791992,1.0368222E-4,0.0013811168,-0.0012774346
1758172664491,29.791992,1.0416387E-4,0.0014101638,-0.0013059999
1758172664501,29.795685,1.0416387E-4,0.0014101638,-0.0013059999
1758172664507,29.477295,1.0416387E-4,0.0014101638,-0.0013059999
1758172664543,29.477295,1.11873225E-4,0.0012848604,-0.0011729872
1758172664553,29.755798,1.11873225E-4,0.0012848604,-0.0011729872
1758172664567,29.877563,1.11873225E-4,0.0012848604,-0.0011729872
1758172664568,29.877563,1.14474526E-4,0.0013668737,-0.0012523992
1758172664597,29.752197,1.14474526E-4,0.0013668737,-0.0012523992
1758172664624,29.752197,9.9445686E-5,0.0012797676,-0.0011803219
1758172664634,29.507263,9.9445686E-5,0.0012797676,-0.0011803219
1758172664644,29.507263,9.9445686E-5,0.0012797676,-0.0011803219
1758172664659,29.507263,1.2951856E-4,0.0012873637,-0.0011578451
1758172664660,30.037476,1.2951856E-4,0.0012873637,-0.0011578451
1758172664667,30.132263,1.2951856E-4,0.0012873637,-0.0011578451
1758172664690,30.132263,1.17250136E-4,0.001104512,-9.872619E-4
1758172664691,30.140045,1.17250136E-4,0.001104512,-9.872619E-4
1758172664726,30.092194,1.17250136E-4,0.001104512,-9.872619E-4
1758172664727,30.092194,1.01871374E-4,0.0012236758,-0.0011218045
1758172664728,30.15689,1.01871374E-4,0.0012236758,-0.0011218045
1758172664769,30.582336,1.01871374E-4,0.0012236758,-0.0011218045
1758172664770,30.582336,1.846613E-4,0.00121127,-0.0010266087
1758172664810,31.939209,1.846613E-4,0.00121127,-0.0010266087
1758172664812,31.939209,5.2159047E-4,0.0012786431,-7.570527E-4
1758172664847,33.13919,5.2159047E-4,0.0012786431,-7.570527E-4
1758172664848,33.13919,5.2159047E-4,0.0012786431,-7.570527E-4
1758172664866,33.13919,3.6812064E-4,0.0012886204,-9.204998E-4
1758172664888,34.193665,3.6812064E-4,0.0012886204,-9.204998E-4
1758172664890,34.193665,4.8590905E-4,0.0011980782,-7.121691E-4
1758172664922,34.681793,4.8590905E-4,0.0011980782,-7.121691E-4
1758172664943,34.681793,5.845989E-4,0.0011720082,-5.874093E-4
1758172664944,35.152954,5.845989E-4,0.0011720082,-5.874093E-4
1758172664947,35.604828,5.845989E-4,0.0011720082,-5.874093E-4
1758172664978,35.604828,3.972034E-4,0.0011655092,-7.6830585E-4
1758172664988,36.053375,3.972034E-4,0.0011655092,-7.6830585E-4
1758172665002,36.45703,3.972034E-4,0.0011655092,-7.6830585E-4
1758172665008,36.886383,3.972034E-4,0.0011655092,-7.6830585E-4
1758172665017,36.886383,4.4631466E-4,0.0012094091,-7.630944E-4
1758172665041,37.2294,4.4631466E-4,0.0012094091,-7.630944E-4
1758172665052,37.50891,4.4631466E-4,0.0012094091,-7.630944E-4
1758172665054,37.50891,2.697566E-4,0.0011402898,-8.7053323E-4
1758172665079,37.94995,2.697566E-4,0.0011402898,-8.7053323E-4
1758172665100,37.94995,2.1378502E-4,0.0011313789,-9.175939E-4
1758172665111,38.385864,2.1378502E-4,0.0011313789,-9.175939E-4
1758172665121,38.47516,2.1378502E-4,0.0011313789,-9.175939E-4
1758172665125,38.47516,1.390169E-4,0.0011612079,-0.001022191
1758172665156,38.740814,1.390169E-4,0.0011612079,-0.001022191
1758172665157,38.740814,1.390169E-4,0.0011612079,-0.001022191
1758172665176,38.740814,2.154517E-4,0.0010679986,-8.525469E-4
1758172665187,38.98938,2.154517E-4,0.0010679986,-8.525469E-4
1758172665199,39.33368,2.154517E-4,0.0010679986,-8.525469E-4
1758172665225,39.687225,2.154517E-4,0.0010679986,-8.525469E-4
1758172665235,39.687225,2.4434944E-4,0.0011528952,-9.085457E-4
1758172665250,40.34369,2.4434944E-4,0.0011528952,-9.085457E-4
1758172665251,40.34369,1.6194099E-4,0.0011667596,-0.0010048186
1758172665273,40.68622,1.6194099E-4,0.0011667596,-0.0010048186
1758172665291,41.10266,1.6194099E-4,0.0011667596,-0.0010048186
1758172665302,41.10266,1.7911046E-4,0.0012290375,-0.0010499271
1758172665307,41.468903,1.7911046E-4,0.0012290375,-0.0010499271
1758172665329,41.468903,2.04215E-4,0.0012218938,-0.0010176788
1758172665330,41.70923,2.04215E-4,0.0012218938,-0.0010176788
1758172665362,42.006226,2.04215E-4,0.0012218938,-0.0010176788
1758172665367,42.354828,2.04215E-4,0.0012218938,-0.0010176788
1758172665381,42.354828,2.2222903E-4,0.0011215043,-8.992753E-4
1758172665392,42.776154,2.2222903E-4,0.0011215043,-8.992753E-4
1758172665417,42.776154,2.519004E-4,0.001160315,-9.084146E-4
1758172665428,43.21527,2.519004E-4,0.001160315,-9.084146E-4
1758172665438,43.641083,2.519004E-4,0.001160315,-9.084146E-4
1758172665459,44.016113,2.519004E-4,0.001160315,-9.084146E-4
1758172665479,44.016113,1.8305298E-4,0.0011113811,-9.2832814E-4
1758172665490,44.371216,1.8305298E-4,0.0011113811,-9.2832814E-4
1758172665503,44.80783,1.8305298E-4,0.0011113811,-9.2832814E-4
1758172665504,44.80783,2.69308E-4,0.0010173899,-7.4808195E-4
1758172665507,45.276947,2.69308E-4,0.0010173899,-7.4808195E-4
1758172665529,45.681885,2.69308E-4,0.0010173899,-7.4808195E-4
1758172665533,45.681885,4.0123073E-4,0.0011546205,-7.533898E-4
1758172665563,46.02365,4.0123073E-4,0.0011546205,-7.533898E-4
1758172665567,46.371613,4.0123073E-4,0.0011546205,-7.533898E-4
1758172665594,46.371613,1.1832817E-4,0.0010740218,-9.5569366E-4
1758172665605,46.827637,1.1832817E-4,0.0010740218,-9.5569366E-4
1758172665608,47.423798,1.1832817E-4,0.0010740218,-9.5569366E-4
1758172665635,47.423798,2.3947566E-4,8.76901E-4,-6.3742534E-4
1758172665645,48.025818,2.3947566E-4,8.76901E-4,-6.3742534E-4
1758172665647,48.48654,2.3947566E-4,8.76901E-4,-6.3742534E-4
1758172665677,48.48654,1.5342969E-4,7.754039E-4,-6.2197424E-4
1758172665689,48.86856,1.5342969E-4,7.754039E-4,-6.2197424E-4
1758172665702,49.27475,1.5342969E-4,7.754039E-4,-6.2197424E-4
1758172665707,49.85077,1.5342969E-4,7.754039E-4,-6.2197424E-4
1758172665708,49.85077,1.6299635E-4,8.4844936E-4,-6.85453E-4
1758172665729,50.48517,1.6299635E-4,8.4844936E-4,-6.85453E-4
1758172665732,50.48517,2.1512057E-4,6.461518E-4,-4.3103122E-4
1758172665763,51.078217,2.1512057E-4,6.461518E-4,-4.3103122E-4
1758172665764,51.078217,2.9752773E-4,6.4566714E-4,-3.481394E-4
1758172665767,51.63788,2.9752773E-4,6.4566714E-4,-3.481394E-4
1758172665798,52.24591,2.9752773E-4,6.4566714E-4,-3.481394E-4
1758172665818,52.85034,2.9752773E-4,6.4566714E-4,-3.481394E-4
1758172665830,52.85034,3.5582637E-4,0.0010414692,-6.856428E-4
1758172665833,53.313995,3.5582637E-4,0.0010414692,-6.856428E-4
1758172665855,53.313995,2.0312083E-4,7.5572985E-4,-5.5260904E-4
1758172665856,53.694916,2.0312083E-4,7.5572985E-4,-5.5260904E-4
1758172665889,54.09259,2.0312083E-4,7.5572985E-4,-5.5260904E-4
1758172665890,54.09259,2.0312083E-4,7.5572985E-4,-5.5260904E-4
1758172665893,54.09259,2.4406244E-4,7.0114306E-4,-4.570806E-4
1758172665926,54.2146,2.4406244E-4,7.0114306E-4,-4.570806E-4
1758172665947,54.2146,1.5062114E-4,7.39209E-4,-5.8858783E-4
1758172665959,54.867798,1.5062114E-4,7.39209E-4,-5.8858783E-4
1758172665972,55.37549,1.5062114E-4,7.39209E-4,-5.8858783E-4
1758172665983,55.37549,3.5432758E-4,7.878832E-4,-4.335556E-4
1758172665993,55.94867,3.5432758E-4,7.878832E-4,-4.335556E-4
1758172666022,55.94867,2.9924395E-4,0.0012679767,-9.6873275E-4
1758172666032,56.81064,2.9924395E-4,0.0012679767,-9.6873275E-4
1758172666033,56.81064,2.9924395E-4,0.0012679767,-9.6873275E-4
1758172666051,57.134094,2.9924395E-4,0.0012679767,-9.6873275E-4
1758172666071,57.134094,2.163056E-4,9.7655924E-4,-7.6025364E-4
1758172666081,57.384216,2.163056E-4,9.7655924E-4,-7.6025364E-4
1758172666111,57.384216,2.4506002E-4,9.429193E-4,-6.978593E-4
1758172666121,58.03647,2.4506002E-4,9.429193E-4,-6.978593E-4
1758172666136,58.03647,1.9283505E-4,7.083978E-4,-5.155628E-4
1758172666137,58.417786,1.9283505E-4,7.083978E-4,-5.155628E-4
1758172666151,58.73233,1.9283505E-4,7.083978E-4,-5.155628E-4
1758172666169,59.09839,1.9283505E-4,7.083978E-4,-5.155628E-4
1758172666181,59.09839,2.4362268E-4,9.1793115E-4,-6.7430845E-4
1758172666193,59.557007,2.4362268E-4,9.1793115E-4,-6.7430845E-4
1758172666219,59.557007,3.2763265E-4,7.970861E-4,-4.6945346E-4
1758172666230,60.03119,3.2763265E-4,7.970861E-4,-4.6945346E-4
1758172666244,60.413116,3.2763265E-4,7.970861E-4,-4.6945346E-4
1758172666245,60.413116,2.0892912E-4,0.001006684,-7.977549E-4
1758172666247,60.78528,2.0892912E-4,0.001006684,-7.977549E-4
1758172666272,61.201874,2.0892912E-4,0.001006684,-7.977549E-4
1758172666296,61.630707,2.0892912E-4,0.001006684,-7.977549E-4
1758172666297,61.630707,2.3366539E-4,6.1944243E-4,-3.8577704E-4
1758172666330,62.50998,2.3366539E-4,6.1944243E-4,-3.8577704E-4
1758172666331,62.50998,2.3366539E-4,6.1944243E-4,-3.8577704E-4
1758172666341,62.50998,3.0242966E-4,6.7562377E-4,-3.731941E-4
1758172666352,62.931854,3.0242966E-4,6.7562377E-4,-3.731941E-4
1758172666378,62.931854,2.584416E-4,6.9221796E-4,-4.3377635E-4
1758172666389,63.343018,2.584416E-4,6.9221796E-4,-4.3377635E-4
1758172666403,63.80008,2.584416E-4,6.9221796E-4,-4.3377635E-4
1758172666406,63.80008,3.0944755E-4,7.2900427E-4,-4.1955672E-4
1758172666407,64.272705,3.0944755E-4,7.2900427E-4,-4.1955672E-4
1758172666430,64.700134,3.0944755E-4,7.2900427E-4,-4.1955672E-4
1758172666462,64.700134,2.714401E-4,7.6511444E-4,-4.936743E-4
1758172666474,65.131134,2.714401E-4,7.6511444E-4,-4.936743E-4
1758172666487,66.282074,2.714401E-4,7.6511444E-4,-4.936743E-4
1758172666488,66.282074,2.9341137E-4,6.59653E-4,-3.662416E-4
1758172666515,66.88422,2.9341137E-4,6.59653E-4,-3.662416E-4
1758172666535,67.31137,2.9341137E-4,6.59653E-4,-3.662416E-4
1758172666546,67.31137,2.1835775E-4,5.8755645E-4,-3.691987E-4
1758172666565,67.59131,2.1835775E-4,5.8755645E-4,-3.691987E-4
1758172666567,67.86377,2.1835775E-4,5.8755645E-4,-3.691987E-4
1758172666584,67.86377,2.1104488E-4,6.140946E-4,-4.0304972E-4
1758172666595,68.248535,2.1104488E-4,6.140946E-4,-4.0304972E-4
1758172666621,68.248535,2.887527E-4,5.1009556E-4,-2.2134287E-4
1758172666623,68.63995,2.887527E-4,5.1009556E-4,-2.2134287E-4
1758172666627,69.09735,2.887527E-4,5.1009556E-4,-2.2134287E-4
1758172666655,69.59534,2.887527E-4,5.1009556E-4,-2.2134287E-4
1758172666660,69.59534,2.7259073E-4,5.2451977E-4,-2.5192904E-4
1758172666669,70.18469,2.7259073E-4,5.2451977E-4,-2.5192904E-4
1758172666696,70.18469,3.6380492E-4,5.46994E-4,-1.8318905E-4
1758172666696,70.82605,3.6380492E-4,5.46994E-4,-1.8318905E-4
1758172666722,71.47055,3.6380492E-4,5.46994E-4,-1.8318905E-4
1758172666727,72.108215,3.6380492E-4,5.46994E-4,-1.8318905E-4
1758172666754,72.108215,4.0846932E-4,6.372716E-4,-2.288023E-4
1758172666764,72.70679,4.0846932E-4,6.372716E-4,-2.288023E-4
1758172666767,73.3071,4.0846932E-4,6.372716E-4,-2.288023E-4
1758172666785,73.3071,3.0575777E-4,7.259366E-4,-4.2017884E-4
1758172666805,73.88489,3.0575777E-4,7.259366E-4,-4.2017884E-4
1758172666807,74.47891,3.0575777E-4,7.259366E-4,-4.2017884E-4
1758172666837,74.47891,3.6291612E-4,6.489275E-4,-2.860114E-4
1758172666848,75.115295,3.6291612E-4,6.489275E-4,-2.860114E-4
1758172666848,75.69879,3.6291612E-4,6.489275E-4,-2.860114E-4
1758172666852,75.69879,4.7572787E-4,9.467928E-4,-4.710649E-4
1758172666872,76.21927,4.7572787E-4,9.467928E-4,-4.710649E-4
1758172666907,76.21927,4.7333323E-4,5.278995E-4,-5.4566248E-5
1758172666918,77.471436,4.7333323E-4,5.278995E-4,-5.4566248E-5
1758172666934,78.1333,4.7333323E-4,5.278995E-4,-5.4566248E-5
1758172666944,78.1333,2.7304073E-4,4.939998E-4,-2.2095907E-4
1758172666964,78.83078,2.7304073E-4,4.939998E-4,-2.2095907E-4
1758172666967,79.53351,2.7304073E-4,4.939998E-4,-2.2095907E-4
1758172666985,79.53351,2.7773055E-4,5.7722256E-4,-2.99492E-4
1758172667005,80.17432,2.7773055E-4,5.7722256E-4,-2.99492E-4
1758172667007,80.83954,2.7773055E-4,5.7722256E-4,-2.99492E-4
1758172667036,80.83954,2.508887E-4,4.8283505E-4,-2.3194635E-4
1758172667047,81.53998,2.508887E-4,4.8283505E-4,-2.3194635E-4
1758172667065,82.19928,3.2127846E-4,5.435272E-4,-2.2224872E-4
1758172667088,83.42273,3.2127846E-4,5.435272E-4,-2.2224872E-4
1758172667089,83.42273,3.2127846E-4,5.435272E-4,-2.2224872E-4
1758172667103,83.42273,3.5841033E-4,3.0450991E-4,5.390041E-5
1758172667110,84.01785,3.5841033E-4,3.0450991E-4,5.390041E-5
1758172667134,84.01785,4.686355E-4,4.282634E-4,4.0372106E-5
1758172667135,84.624664,4.686355E-4,4.282634E-4,4.0372106E-5
1758172667155,85.25839,4.686355E-4,4.282634E-4,4.0372106E-5
1758172667186,85.25839,3.6882353E-4,3.5414216E-4,1.4681369E-5
1758172667187,85.89606,3.6882353E-4,3.5414216E-4,1.4681369E-5
1758172667197,86.49893,3.6882353E-4,3.5414216E-4,1.4681369E-5
1758172667216,87.06787,3.6882353E-4,3.5414216E-4,1.4681369E-5
1758172667217,87.06787,3.2653887E-4,5.2848324E-4,-2.0194438E-4
1758172667246,87.67981,3.2653887E-4,5.2848324E-4,-2.0194438E-4
1758172667246,87.67981,3.4380896E-4,6.1986333E-4,-2.7605437E-4
1758172667247,88.24747,3.4380896E-4,6.1986333E-4,-2.7605437E-4
1758172667267,88.70703,3.4380896E-4,6.1986333E-4,-2.7605437E-4
1758172667298,88.70703,3.4265695E-4,6.7266595E-4,-3.30009E-4
1758172667309,89.12515,3.4265695E-4,6.7266595E-4,-3.30009E-4
1758172667324,89.57941,3.4265695E-4,6.7266595E-4,-3.30009E-4
1758172667327,90.13403,3.4265695E-4,6.7266595E-4,-3.30009E-4
1758172667340,90.13403,1.8991686E-4,6.926708E-4,-5.0275394E-4
1758172667353,90.74652,1.8991686E-4,6.926708E-4,-5.0275394E-4
1758172667377,90.74652,2.962193E-4,7.0174E-4,-4.0552067E-4
1758172667377,91.3147,2.962193E-4,7.0174E-4,-4.0552067E-4
1758172667398,91.79587,2.962193E-4,7.0174E-4,-4.0552067E-4
1758172667421,91.79587,3.3358252E-4,7.4755517E-4,-4.1397265E-4
1758172667422,92.30292,3.3358252E-4,7.4755517E-4,-4.1397265E-4
1758172667428,92.81888,3.3358252E-4,7.4755517E-4,-4.1397265E-4
1758172667455,93.30652,3.3358252E-4,7.4755517E-4,-4.1397265E-4
1758172667471,93.30652,3.0057147E-4,6.535488E-4,-3.5297734E-4
1758172667472,93.8042,3.0057147E-4,6.535488E-4,-3.5297734E-4
1758172667507,94.345245,3.0057147E-4,6.535488E-4,-3.5297734E-4
1758172667507,94.90149,3.7415206E-4,5.995575E-4,-2.2540541E-4
1758172667533,94.90149,3.666211E-4,5.20003E-4,-1.5338193E-4
1758172667535,95.43964,3.666211E-4,5.20003E-4,-1.5338193E-4
1758172667567,95.90692,3.666211E-4,5.20003E-4,-1.5338193E-4
1758172667568,95.90692,3.1340355E-4,4.9601163E-4,-1.8260808E-4
1758172667569,96.351715,3.1340355E-4,4.9601163E-4,-1.8260808E-4
1758172667602,96.80496,3.1340355E-4,4.9601163E-4,-1.8260808E-4
1758172667622,96.80496,3.6823854E-4,4.6547598E-4,-9.723744E-5
1758172667623,97.37674,3.6823854E-4,4.6547598E-4,-9.723744E-5
1758172667628,97.98944,3.6823854E-4,4.6547598E-4,-9.723744E-5
1758172667658,98.51602,3.6823854E-4,4.6547598E-4,-9.723744E-5
1758172667661,98.51602,3.6520796E-4,5.351112E-4,-1.6990321E-4
1758172667684,99.00864,3.6520796E-4,5.351112E-4,-1.6990321E-4
1758172667687,99.53192,3.6520796E-4,5.351112E-4,-1.6990321E-4
1758172667714,99.53192,3.2952867E-4,4.3920524E-4,-1.0967656E-4
1758172667725,100.052734,3.2952867E-4,4.3920524E-4,-1.0967656E-4
1758172667725,100.052734,3.7781787E-4,5.156223E-4,-1.3780445E-4
1758172667727,100.53992,3.7781787E-4,5.156223E-4,-1.3780445E-4
1758172667758,100.99179,3.7781787E-4,5.156223E-4,-1.3780445E-4
1758172667778,101.43738,3.7781787E-4,5.156223E-4,-1.3780445E-4
1758172667800,101.43738,4.112685E-4,5.5986166E-4,-1.4859316E-4
1758172667810,101.84473,4.112685E-4,5.5986166E-4,-1.4859316E-4
1758172667824,102.27222,4.112685E-4,5.5986166E-4,-1.4859316E-4
1758172667824,102.27222,4.1526707E-4,5.6550466E-4,-1.5023758E-4
1758172667827,102.74475,4.1526707E-4,5.6550466E-4,-1.5023758E-4
1758172667850,103.219055,4.1526707E-4,5.6550466E-4,-1.5023758E-4
1758172667851,103.219055,3.5521385E-4,5.729653E-4,-2.1775145E-4
1758172667884,103.56323,3.5521385E-4,5.729653E-4,-2.1775145E-4
1758172667885,103.56323,4.783108E-4,6.153965E-4,-1.3708568E-4
1758172667888,103.99872,4.783108E-4,6.153965E-4,-1.3708568E-4
1758172667918,104.70325,4.783108E-4,6.153965E-4,-1.3708568E-4
1758172667936,105.304214,4.783108E-4,6.153965E-4,-1.3708568E-4
1758172667957,105.304214,3.504957E-4,6.3429103E-4,-2.8379532E-4
1758172667968,105.69446,3.504957E-4,6.3429103E-4,-2.8379532E-4
1758172667982,106.15152,3.504957E-4,6.3429103E-4,-2.8379532E-4
1758172667985,106.15152,5.1691744E-4,5.5552134E-4,-3.8603903E-5
1758172667988,106.71295,5.1691744E-4,5.5552134E-4,-3.8603903E-5
1758172668007,106.71295,4.3845508E-4,5.5495504E-4,-1.16499956E-4
1758172668008,107.12375,4.3845508E-4,5.5495504E-4,-1.16499956E-4
1758172668043,107.39404,4.3845508E-4,5.5495504E-4,-1.16499956E-4
1758172668073,107.39404,4.3566653E-4,4.2904745E-4,6.619084E-6
1758172668083,108.177155,4.3566653E-4,4.2904745E-4,6.619084E-6
1758172668098,108.177155,5.094278E-4,4.336737E-4,7.57541E-5
1758172668099,108.68326,5.094278E-4,4.336737E-4,7.57541E-5
1758172668113,109.18634,5.094278E-4,4.336737E-4,7.57541E-5
1758172668137,109.18634,5.229605E-4,7.034706E-4,-1.805101E-4
1758172668146,109.62558,5.229605E-4,7.034706E-4,-1.805101E-4
1758172668170,110.34976,5.229605E-4,7.034706E-4,-1.805101E-4
1758172668171,110.34976,5.229605E-4,7.034706E-4,-1.805101E-4
1758172668180,110.34976,4.5200143E-4,0.0038628168,-0.0034108155
1758172668204,110.80788,4.5200143E-4,0.0038628168,-0.0034108155
1758172668223,111.30325,4.5200143E-4,0.0038628168,-0.0034108155
1758172668233,111.30325,6.765942E-4,3.9648724E-4,2.8010696E-4
1758172668248,112.12608,6.765942E-4,3.9648724E-4,2.8010696E-4
1758172668249,112.12608,6.765942E-4,3.9648724E-4,2.8010696E-4
1758172668252,112.12608,5.2480603E-4,4.2976986E-4,9.503617E-5
1758172668274,112.55121,5.2480603E-4,4.2976986E-4,9.503617E-5
1758172668297,112.55121,3.8764704E-4,5.6499627E-4,-1.7734923E-4
1758172668309,113.4294,3.8764704E-4,5.6499627E-4,-1.7734923E-4
1758172668320,113.4294,3.8764704E-4,5.6499627E-4,-1.7734923E-4
1758172668335,113.4294,5.57305E-4,4.9162516E-4,6.567984E-5
1758172668335,113.75452,5.57305E-4,4.9162516E-4,6.567984E-5
1758172668358,114.06111,5.57305E-4,4.9162516E-4,6.567984E-5
1758172668379,114.44551,5.57305E-4,4.9162516E-4,6.567984E-5
1758172668388,114.44551,3.5539336E-4,4.5688922E-4,-1.01495854E-4
1758172668399,114.88513,3.5539336E-4,4.5688922E-4,-1.01495854E-4
1758172668421,114.88513,5.9433223E-4,5.229902E-4,7.1342045E-5
1758172668431,115.71892,5.9433223E-4,5.229902E-4,7.1342045E-5
1758172668441,115.71892,5.9433223E-4,5.229902E-4,7.1342045E-5
1758172668456,115.71892,4.2028562E-4,4.899205E-4,-6.963487E-5
1758172668457,116.125946,4.2028562E-4,4.899205E-4,-6.963487E-5
1758172668472,116.51941,4.2028562E-4,4.899205E-4,-6.963487E-5
1758172668496,116.90782,4.2028562E-4,4.899205E-4,-6.963487E-5
1758172668506,116.90782,5.0392974E-4,4.4108E-4,6.284975E-5
1758172668524,117.370316,5.0392974E-4,4.4108E-4,6.284975E-5
1758172668527,117.885315,5.0392974E-4,4.4108E-4,6.284975E-5
1758172668546,117.885315,4.1525578E-4,4.975254E-4,-8.22696E-5
1758172668566,118.39087,4.1525578E-4,4.975254E-4,-8.22696E-5
1758172668567,118.39087,6.1089266E-4,4.7925784E-4,1.3163482E-4
1758172668568,118.83914,6.1089266E-4,4.7925784E-4,1.3163482E-4
1758172668603,119.24869,6.1089266E-4,4.7925784E-4,1.3163482E-4
1758172668632,120.326294,6.1089266E-4,4.7925784E-4,1.3163482E-4
1758172668642,120.326294,5.333755E-4,4.7216797E-4,6.120751E-5
1758172668658,120.326294,7.4123003E-4,3.9533078E-4,3.4589926E-4
1758172668659,121.052765,7.4123003E-4,3.9533078E-4,3.4589926E-4
1758172668672,121.86151,7.4123003E-4,3.9533078E-4,3.4589926E-4
1758172668697,121.86151,7.339651E-4,4.7588832E-4,2.5807676E-4
1758172668706,122.55115,7.339651E-4,4.7588832E-4,2.5807676E-4
1758172668731,123.237045,7.339651E-4,4.7588832E-4,2.5807676E-4
1758172668732,123.237045,6.597364E-4,5.2935054E-4,1.3038586E-4
1758172668761,123.37001,6.597364E-4,5.2935054E-4,1.3038586E-4
1758172668771,123.63747,6.597364E-4,5.2935054E-4,1.3038586E-4
1758172668781,123.63747,5.1792065E-4,3.4826747E-4,1.6965318E-4
1758172668787,124.04739,5.1792065E-4,3.4826747E-4,1.6965318E-4
1758172668820,124.04739,8.9711504E-4,4.374738E-4,4.5964125E-4
1758172668839,124.41734,8.9711504E-4,4.374738E-4,4.5964125E-4
1758172668851,125.00334,8.9711504E-4,4.374738E-4,4.5964125E-4
1758172668852,125.00334,8.9711504E-4,4.374738E-4,4.5964125E-4
1758172668853,125.00334,6.2621915E-4,8.580639E-4,-2.3184478E-4
1758172668876,125.188354,6.2621915E-4,8.580639E-4,-2.3184478E-4
1758172668897,125.36838,6.2621915E-4,8.580639E-4,-2.3184478E-4
1758172668900,125.36838,5.141281E-4,3.7561698E-4,1.3851115E-4
1758172668914,125.596436,5.141281E-4,3.7561698E-4,1.3851115E-4
1758172668939,125.596436,5.2780873E-4,3.1196533E-4,2.158434E-4
1758172668939,125.92517,5.2780873E-4,3.1196533E-4,2.158434E-4
1758172668956,126.30408,5.2780873E-4,3.1196533E-4,2.158434E-4
1758172668979,126.30408,0.0016936533,3.269998E-4,0.0013666535
1758172668980,126.67261,0.0016936533,3.269998E-4,0.0013666535
1758172668999,126.9738,0.0016936533,3.269998E-4,0.0013666535
1758172669034,126.9738,3.5050252E-4,3.66714E-4,-1.6211474E-5
1758172669045,127.51277,3.5050252E-4,3.66714E-4,-1.6211474E-5
1758172669060,127.74759,3.5050252E-4,3.66714E-4,-1.6211474E-5
1758172669062,127.74759,4.0615938E-4,3.8095494E-4,2.5204441E-5
1758172669073,127.86194,4.0615938E-4,3.8095494E-4,2.5204441E-5
1758172669097,127.86194,3.4406944E-4,3.743014E-4,-3.0231953E-5
1758172669106,128.06183,3.4406944E-4,3.743014E-4,-3.0231953E-5
1758172669116,128.19885,3.4406944E-4,3.743014E-4,-3.0231953E-5
1758172669148,128.19885,3.7667967E-4,3.8117843E-4,-4.4987537E-6
1758172669160,128.27089,3.7667967E-4,3.8117843E-4,-4.4987537E-6
1758172669175,128.27089,3.794917E-4,4.029524E-4,-2.3460685E-5
1758172669176,128.49438,3.794917E-4,4.029524E-4,-2.3460685E-5
1758172669189,128.77408,3.794917E-4,4.029524E-4,-2.3460685E-5
1758172669214,129.15807,3.794917E-4,4.029524E-4,-2.3460685E-5
1758172669221,129.15807,2.697633E-4,2.933339E-4,-2.357061E-5
1758172669231,129.99625,2.697633E-4,2.933339E-4,-2.357061E-5
1758172669256,129.99625,3.7581346E-4,0.0011556338,-7.798204E-4
1758172669257,131.48358,3.7581346E-4,0.0011556338,-7.798204E-4
1758172669273,132.82463,3.7581346E-4,0.0011556338,-7.798204E-4
1758172669297,133.82281,3.7581346E-4,0.0011556338,-7.798204E-4
1758172669306,133.82281,4.5604957E-4,0.0022976869,-0.0018416373
1758172669325,134.19514,4.5604957E-4,0.0022976869,-0.0018416373
1758172669327,134.24881,4.5604957E-4,0.0022976869,-0.0018416373
1758172669348,134.24881,4.3764856E-4,9.106368E-4,-4.7298823E-4
1758172669349,134.29964,4.3764856E-4,9.106368E-4,-4.7298823E-4
1758172669376,134.29964,3.4905714E-4,3.4631198E-4,2.7451606E-6
1758172669376,134.5421,3.4905714E-4,3.4631198E-4,2.7451606E-6
1758172669415,135.26839,3.4905714E-4,3.4631198E-4,2.7451606E-6
1758172669416,135.26839,3.5684407E-4,2.8077932E-4,7.606475E-5
1758172669454,135.67355,3.5684407E-4,2.8077932E-4,7.606475E-5
1758172669456,135.67355,3.5684407E-4,2.8077932E-4,7.606475E-5
1758172669472,135.67355,3.2814228E-4,2.8032067E-4,4.782161E-5
1758172669484,135.92484,3.2814228E-4,2.8032067E-4,4.782161E-5
1758172669509,136.56265,3.2814228E-4,2.8032067E-4,4.782161E-5
1758172669510,136.56265,3.0236368E-4,3.153246E-4,-1.2960925E-5
1758172669534,136.6929,3.0236368E-4,3.153246E-4,-1.2960925E-5
1758172669555,136.6929,2.6761633E-4,3.1770664E-4,-5.009031E-5
1758172669555,136.80873,2.6761633E-4,3.1770664E-4,-5.009031E-5
1758172669576,136.80873,3.0442225E-4,2.6055903E-4,4.3863227E-5
1758172669577,137.0763,3.0442225E-4,2.6055903E-4,4.3863227E-5
1758172669610,137.82521,3.0442225E-4,2.6055903E-4,4.3863227E-5
1758172669611,137.82521,3.0442225E-4,2.6055903E-4,4.3863227E-5
1758172669630,137.82521,4.8437229E-4,2.1816323E-4,2.6620907E-4
1758172669641,138.49396,4.8437229E-4,2.1816323E-4,2.6620907E-4
1758172669666,139.1919,4.8437229E-4,2.1816323E-4,2.6620907E-4
1758172669667,139.1919,3.7796862E-4,3.1899608E-4,5.897254E-5
1758172669667,139.91068,3.7796862E-4,3.1899608E-4,5.897254E-5
1758172669693,140.52138,3.7796862E-4,3.1899608E-4,5.897254E-5
1758172669715,140.52138,4.6357219E-4,3.5301753E-4,1.10554654E-4
1758172669726,141.28674,4.6357219E-4,3.5301753E-4,1.10554654E-4
1758172669737,142.21854,4.6357219E-4,3.5301753E-4,1.10554654E-4
1758172669762,142.21854,3.7968496E-4,3.04925E-4,7.475997E-5
1758172669772,142.80928,3.7968496E-4,3.04925E-4,7.475997E-5
1758172669790,143.68837,4.8125928E-4,2.0842091E-4,2.7283837E-4
1758172669799,143.68837,4.8125928E-4,2.0842091E-4,2.7283837E-4
1758172669814,143.68837,4.880733E-4,2.8545017E-4,2.0262314E-4
1758172669814,144.00285,4.880733E-4,2.8545017E-4,2.0262314E-4
1758172669833,144.32024,4.880733E-4,2.8545017E-4,2.0262314E-4
1758172669858,144.32024,3.125206E-4,2.8209598E-4,3.042462E-5
1758172669870,145.51717,3.125206E-4,2.8209598E-4,3.042462E-5
1758172669883,145.51717,3.125206E-4,2.8209598E-4,3.042462E-5
1758172669898,145.51717,2.775742E-4,2.666372E-4,1.0937016E-5
1758172669907,146.34956,2.775742E-4,2.666372E-4,1.0937016E-5
1758172669918,147.01598,2.775742E-4,2.666372E-4,1.0937016E-5
1758172669939,147.01598,3.503869E-4,1.8234261E-4,1.6804428E-4
1758172669939,147.50403,3.503869E-4,1.8234261E-4,1.6804428E-4
1758172669960,148.05174,3.503869E-4,1.8234261E-4,1.6804428E-4
1758172669982,148.5091,3.503869E-4,1.8234261E-4,1.6804428E-4
1758172669984,148.5091,3.5067057E-4,2.760102E-4,7.466038E-5
1758172669987,148.96805,3.5067057E-4,2.760102E-4,7.466038E-5
1758172670010,149.3235,3.5067057E-4,2.760102E-4,7.466038E-5
1758172670032,149.3235,3.222153E-4,2.0456698E-4,1.17648306E-4
1758172670043,149.71214,3.222153E-4,2.0456698E-4,1.17648306E-4
1758172670054,149.71214,3.2072363E-4,2.318675E-4,8.885613E-5
1758172670055,150.17531,3.2072363E-4,2.318675E-4,8.885613E-5
1758172670085,150.5872,3.2072363E-4,2.318675E-4,8.885613E-5
1758172670087,150.98782,3.2072363E-4,2.318675E-4,8.885613E-5
1758172670105,150.98782,4.4192138E-4,2.1601268E-4,2.259087E-4
1758172670126,151.44614,4.4192138E-4,2.1601268E-4,2.259087E-4
1758172670128,151.83806,4.4192138E-4,2.1601268E-4,2.259087E-4
1758172670158,151.83806,4.4548712E-4,1.692438E-4,2.762433E-4
1758172670170,152.16263,5.810641E-4,1.6608612E-4,4.1497796E-4
1758172670190,152.87563,5.810641E-4,1.6608612E-4,4.1497796E-4
1758172670200,152.87563,5.810641E-4,1.6608612E-4,4.1497796E-4
1758172670214,153.1867,5.810641E-4,1.6608612E-4,4.1497796E-4
1758172670223,153.1867,4.992336E-4,1.5737308E-4,3.4186052E-4
1758172670243,153.65154,4.992336E-4,1.5737308E-4,3.4186052E-4
1758172670247,154.12863,4.992336E-4,1.5737308E-4,3.4186052E-4
1758172670267,154.52959,4.992336E-4,1.5737308E-4,3.4186052E-4
1758172670269,154.52959,7.6060963E-4,2.0414648E-4,5.5646314E-4
1758172670294,154.88403,7.6060963E-4,2.0414648E-4,5.5646314E-4
1758172670295,154.88403,6.932539E-4,1.3307537E-4,5.6017854E-4
1758172670328,156.27547,6.932539E-4,1.3307537E-4,5.6017854E-4
1758172670330,156.27547,6.932539E-4,1.3307537E-4,5.6017854E-4
1758172670350,156.27547,7.479616E-4,1.8163181E-4,5.6632975E-4
1758172670352,156.48282,7.479616E-4,1.8163181E-4,5.6632975E-4
1758172670386,156.48282,6.354895E-4,2.1358441E-4,4.2190508E-4
1758172670397,156.5969,6.354895E-4,2.1358441E-4,4.2190508E-4
1758172670414,156.89345,6.354895E-4,2.1358441E-4,4.2190508E-4
1758172670423,157.31767,7.1469025E-4,2.4822084E-4,4.664694E-4
1758172670447,157.7085,7.1469025E-4,2.4822084E-4,4.664694E-4
1758172670448,158.2159,7.1469025E-4,2.4822084E-4,4.664694E-4
1758172670456,158.2159,6.463769E-4,2.2281079E-4,4.2356615E-4
1758172670476,158.81061,6.463769E-4,2.2281079E-4,4.2356615E-4
1758172670508,158.81061,9.286153E-4,2.8712495E-4,6.4149033E-4
1758172670519,159.82927,9.286153E-4,2.8712495E-4,6.4149033E-4
1758172670533,159.82927,9.351582E-4,3.970319E-4,5.3812633E-4
1758172670534,160.18335,9.351582E-4,3.970319E-4,5.3812633E-4
1758172670549,160.57835,9.351582E-4,3.970319E-4,5.3812633E-4
1758172670574,160.57835,7.6454156E-4,5.248884E-4,2.3965316E-4
1758172670575,161.14189,7.6454156E-4,5.248884E-4,2.3965316E-4
1758172670591,161.68353,7.6454156E-4,5.248884E-4,2.3965316E-4
1758172670616,162.18369,7.6454156E-4,5.248884E-4,2.3965316E-4
1758172670622,162.18369,6.5865624E-4,2.982572E-4,3.6039905E-4
1758172670633,162.59267,6.5865624E-4,2.982572E-4,3.6039905E-4
1758172670657,163.0122,6.5865624E-4,2.982572E-4,3.6039905E-4
1758172670667,163.0122,7.218915E-4,3.7768303E-4,3.442085E-4
1758172670686,163.51187,7.218915E-4,3.7768303E-4,3.442085E-4
1758172670688,164.25378,7.218915E-4,3.7768303E-4,3.442085E-4
1758172670707,164.25378,5.4433505E-4,4.0992504E-4,1.3441002E-4
1758172670717,164.68967,5.4433505E-4,4.0992504E-4,1.3441002E-4
1758172670744,164.68967,6.465651E-4,3.9055423E-4,2.5601088E-4
1758172670754,165.04929,6.465651E-4,3.9055423E-4,2.5601088E-4
1758172670769,165.22255,6.465651E-4,3.9055423E-4,2.5601088E-4
1758172670770,165.22255,6.465651E-4,3.9055423E-4,2.5601088E-4
1758172670773,165.22255,5.449494E-4,3.038414E-4,2.4110798E-4
1758172670792,165.40721,5.449494E-4,3.038414E-4,2.4110798E-4
1758172670826,165.40721,5.45912E-4,2.9097137E-4,2.5494065E-4
1758172670836,165.32738,5.45912E-4,2.9097137E-4,2.5494065E-4
1758172670853,165.34875,5.45912E-4,2.9097137E-4,2.5494065E-4
1758172670855,165.35748,5.45912E-4,2.9097137E-4,2.5494065E-4
1758172670863,165.35748,5.3274847E-4,2.6941102E-4,2.6333745E-4
1758172670873,165.34084,5.3274847E-4,2.6941102E-4,2.6333745E-4
1758172670890,165.35034,5.3274847E-4,2.6941102E-4,2.6333745E-4
1758172670900,165.35034,5.137804E-4,2.4994122E-4,2.6383917E-4
1758172670907,165.35214,5.137804E-4,2.4994122E-4,2.6383917E-4
1758172670927,165.34624,5.137804E-4,2.4994122E-4,2.6383917E-4
1758172670933,165.34624,5.6032615E-4,2.490952E-4,3.1123095E-4
1758172670963,165.34592,5.6032615E-4,2.490952E-4,3.1123095E-4
1758172670985,165.34592,5.438477E-4,2.658521E-4,2.7799557E-4
1758172670997,165.34879,5.438477E-4,2.658521E-4,2.7799557E-4
1758172671015,165.34879,5.438477E-4,2.658521E-4,2.7799557E-4
1758172671018,165.34866,5.438477E-4,2.658521E-4,2.7799557E-4
1758172671019,165.34866,5.5245985E-4,1.7013916E-4,3.823207E-4
1758172671053,165.34618,5.5245985E-4,1.7013916E-4,3.823207E-4
1758172671054,165.34618,5.8464974E-4,3.07499E-4,2.7715074E-4
1758172671081,165.34877,5.8464974E-4,3.07499E-4,2.7715074E-4
1758172671102,165.34877,5.723528E-4,3.015293E-4,2.7082348E-4
1758172671103,165.3509,5.723528E-4,3.015293E-4,2.7082348E-4
1758172671107,165.3481,5.723528E-4,3.015293E-4,2.7082348E-4
1758172671135,165.3481,4.9646455E-4,3.2351154E-4,1.72953E-4
1758172671145,165.34685,4.9646455E-4,3.2351154E-4,1.72953E-4
1758172671147,165.34697,4.9646455E-4,3.2351154E-4,1.72953E-4
1758172671177,165.34697,5.776567E-4,3.100418E-4,2.6761493E-4
1758172671187,165.3474,5.776567E-4,3.100418E-4,2.6761493E-4
1758172671189,165.34396,5.776567E-4,3.100418E-4,2.6761493E-4
1758172671208,165.34727,5.776567E-4,3.100418E-4,2.6761493E-4
1758172671210,165.34727,5.2462524E-4,2.395343E-4,2.8509094E-4
1758172671235,165.34389,5.2462524E-4,2.395343E-4,2.8509094E-4
1758172671256,165.3441,5.2462524E-4,2.395343E-4,2.8509094E-4
1758172671260,165.3441,5.613295E-4,2.9664044E-4,2.6468904E-4
1758172671274,165.34258,5.613295E-4,2.9664044E-4,2.6468904E-4
1758172671301,165.34258,5.6369626E-4,3.3746395E-4,2.2623231E-4
1758172671312,165.28352,5.6369626E-4,3.3746395E-4,2.2623231E-4
1758172671313,165.28352,5.6369626E-4,3.3746395E-4,2.2623231E-4
1758172671332,165.3017,5.6369626E-4,3.3746395E-4,2.2623231E-4
1758172671341,165.3017,5.74312E-4,3.1528348E-4,2.5902851E-4
1758172671350,165.3442,5.74312E-4,3.1528348E-4,2.5902851E-4
1758172671375,165.3442,5.5424427E-4,2.9262787E-4,2.616164E-4
1758172671376,165.32536,5.5424427E-4,2.9262787E-4,2.616164E-4
1758172671392,165.34111,5.5424427E-4,2.9262787E-4,2.616164E-4
1758172671418,165.34111,5.4086663E-4,3.0276124E-4,2.381054E-4
1758172671418,165.29565,5.4086663E-4,3.0276124E-4,2.381054E-4
1758172671432,165.21819,5.4086663E-4,3.0276124E-4,2.381054E-4
1758172671458,165.21819,5.0034025E-4,2.628419E-4,2.3749835E-4
1758172671469,165.2008,5.0034025E-4,2.628419E-4,2.3749835E-4
1758172671482,165.21793,5.0034025E-4,2.628419E-4,2.3749835E-4
1758172671486,165.21793,5.974001E-4,2.504012E-4,3.4699892E-4
1758172671488,165.21637,5.974001E-4,2.504012E-4,3.4699892E-4
1758172671510,165.15488,5.974001E-4,2.504012E-4,3.4699892E-4
1758172671532,165.30302,5.974001E-4,2.504012E-4,3.4699892E-4
1758172671543,165.30302,4.6838235E-4,2.6295468E-4,2.0542767E-4
1758172671555,165.35748,4.6838235E-4,2.6295468E-4,2.0542767E-4
1758172671575,165.35748,6.1409204E-4,2.866753E-4,3.2741675E-4
1758172671587,165.43631,6.1409204E-4,2.866753E-4,3.2741675E-4
1758172671598,165.52837,6.1409204E-4,2.866753E-4,3.2741675E-4
1758172671616,165.52837,6.271174E-4,3.0290443E-4,3.2421298E-4
1758172671624,165.62585,6.271174E-4,3.0290443E-4,3.2421298E-4
1758172671650,166.29382,6.271174E-4,3.0290443E-4,3.2421298E-4
1758172671651,166.29382,5.9155957E-4,3.2607067E-4,2.654889E-4
1758172671680,166.87056,5.9155957E-4,3.2607067E-4,2.654889E-4
1758172671710,166.87056,0.0010265108,3.4552097E-4,6.809899E-4
1758172671720,168.07774,0.0010265108,3.4552097E-4,6.809899E-4
1758172671736,168.07774,7.9751475E-4,3.6514224E-4,4.323725E-4
1758172671737,168.48708,7.9751475E-4,3.6514224E-4,4.323725E-4
1758172671751,168.79007,7.9751475E-4,3.6514224E-4,4.323725E-4
1758172671774,168.79007,9.1843255E-4,3.5464304E-4,5.637895E-4
1758172671783,169.27692,9.1843255E-4,3.5464304E-4,5.637895E-4
1758172671794,169.83826,9.1843255E-4,3.5464304E-4,5.637895E-4
1758172671817,170.46342,9.1843255E-4,3.5464304E-4,5.637895E-4
1758172671820,170.46342,0.0012235867,3.8555497E-4,8.3803176E-4
1758172671844,171.16739,0.0012235867,3.8555497E-4,8.3803176E-4
1758172671847,171.73991,0.0012235867,3.8555497E-4,8.3803176E-4
1758172671867,171.73991,0.0012537956,2.6431275E-4,9.894829E-4
1758172671878,172.36975,0.0012537956,2.6431275E-4,9.894829E-4
1758172671902,172.88301,0.0012537956,2.6431275E-4,9.894829E-4
1758172671903,172.88301,0.0018328826,2.3265337E-4,0.0016002293
1758172671908,173.44649,0.0018328826,2.3265337E-4,0.0016002293
1758172671928,173.44649,0.0014164943,2.280775E-4,0.0011884167
1758172671928,174.08334,0.0014164943,2.280775E-4,0.0011884167
1758172671964,174.74464,0.0014164943,2.280775E-4,0.0011884167
1758172671966,174.74464,0.0016477184,1.8663213E-4,0.0014610862
1758172671967,175.42908,0.0016477184,1.8663213E-4,0.0014610862
1758172671999,176.08401,0.0016477184,1.8663213E-4,0.0014610862
1758172672018,176.73459,0.0016477184,1.8663213E-4,0.0014610862
1758172672021,176.73459,0.0016026758,2.1091958E-4,0.0013917562
1758172672035,177.43929,0.0016026758,2.1091958E-4,0.0013917562
1758172672058,177.43929,0.0015046038,1.6140066E-4,0.0013432031
1758172672059,178.09944,0.0015046038,1.6140066E-4,0.0013432031
1758172672079,178.6594,0.0015046038,1.6140066E-4,0.0013432031
1758172672105,178.6594,8.592101E-4,1.6892227E-4,6.902878E-4
1758172672107,179.08081,8.592101E-4,1.6892227E-4,6.902878E-4
1758172672108,179.55792,8.592101E-4,1.6892227E-4,6.902878E-4
1758172672139,179.55792,5.378058E-4,1.5888683E-4,3.7891895E-4
1758172672150,-179.67227,5.378058E-4,1.5888683E-4,3.7891895E-4
1758172672167,-179.67227,5.378058E-4,1.5888683E-4,3.7891895E-4
1758172672177,-179.4182,5.378058E-4,1.5888683E-4,3.7891895E-4
1758172672180,-179.4182,4.310162E-4,2.0962342E-4,2.2139278E-4
1758172672193,-179.00015,4.310162E-4,2.0962342E-4,2.2139278E-4
1758172672218,-178.43993,4.310162E-4,2.0962342E-4,2.2139278E-4
1758172672221,-178.43993,6.6597806E-4,1.7326936E-4,4.927087E-4
1758172672235,-177.96672,6.6597806E-4,1.7326936E-4,4.927087E-4
1758172672259,-177.96672,9.0763083E-4,1.8555955E-4,7.220713E-4
1758172672269,-177.64645,9.0763083E-4,1.8555955E-4,7.220713E-4
1758172672272,-177.23495,9.0763083E-4,1.8555955E-4,7.220713E-4
1758172672293,-176.5322,9.0763083E-4,1.8555955E-4,7.220713E-4
1758172672294,-176.5322,6.942216E-4,2.0208134E-4,4.9214024E-4
1758172672310,-175.69016,6.942216E-4,2.0208134E-4,4.9214024E-4
1758172672337,-175.69016,8.1345154E-4,1.9052388E-4,6.229277E-4
1758172672337,-174.96828,8.1345154E-4,1.9052388E-4,6.229277E-4
1758172672352,-174.49133,8.1345154E-4,1.9052388E-4,6.229277E-4
1758172672377,-174.14444,8.1345154E-4,1.9052388E-4,6.229277E-4
1758172672380,-174.14444,6.277438E-4,2.224764E-4,4.0526738E-4
1758172672393,-173.76424,6.277438E-4,2.224764E-4,4.0526738E-4
1758172672417,-173.29877,6.277438E-4,2.224764E-4,4.0526738E-4
1758172672428,-173.29877,6.931801E-4,2.1733654E-4,4.7584355E-4
1758172672429,-172.80495,6.931801E-4,2.1733654E-4,4.7584355E-4
1758172672454,-172.80495,6.282732E-4,2.2058153E-4,4.0769164E-4
1758172672455,-172.35777,6.282732E-4,2.2058153E-4,4.0769164E-4
1758172672495,-171.27962,6.282732E-4,2.2058153E-4,4.0769164E-4
1758172672496,-171.27962,8.2047103E-4,1.7929259E-4,6.4117846E-4
1758172672523,-170.64624,8.2047103E-4,1.7929259E-4,6.4117846E-4
1758172672553,-170.64624,8.844983E-4,1.8469316E-4,6.9980515E-4
1758172672563,-169.46376,8.844983E-4,1.8469316E-4,6.9980515E-4
1758172672577,-168.67957,8.844983E-4,1.8469316E-4,6.9980515E-4
1758172672580,-168.67957,0.0011983396,2.1427221E-4,9.840674E-4
1758172672593,-167.89348,0.0011983396,2.1427221E-4,9.840674E-4
1758172672617,-167.89348,9.978418E-4,1.5992459E-4,8.379172E-4
1758172672618,-167.36607,9.978418E-4,1.5992459E-4,8.379172E-4
1758172672637,-167.05597,9.978418E-4,1.5992459E-4,8.379172E-4
1758172672663,-167.05597,7.444723E-4,1.0922284E-4,6.352495E-4
1758172672664,-166.6772,7.444723E-4,1.0922284E-4,6.352495E-4
1758172672668,-166.13411,7.444723E-4,1.0922284E-4,6.352495E-4
1758172672696,-165.45624,7.444723E-4,1.0922284E-4,6.352495E-4
1758172672711,-164.69778,7.444723E-4,1.0922284E-4,6.352495E-4
1758172672718,-164.69778,6.5677933E-4,1.853804E-4,4.7139893E-4
1758172672735,-164.14017,6.5677933E-4,1.853804E-4,4.7139893E-4
1758172672746,-164.14017,7.9614384E-4,2.1095965E-4,5.851842E-4
1758172672766,-163.66,7.9614384E-4,2.1095965E-4,5.851842E-4
1758172672768,-163.66,5.296558E-4,1.7169662E-4,3.5795916E-4
1758172672768,-163.23402,5.296558E-4,1.7169662E-4,3.5795916E-4
1758172672797,-162.62192,5.296558E-4,1.7169662E-4,3.5795916E-4
1758172672827,-162.62192,8.426567E-4,2.2156167E-4,6.2109507E-4
1758172672838,-160.8877,8.426567E-4,2.2156167E-4,6.2109507E-4
1758172672853,-160.08684,8.426567E-4,2.2156167E-4,6.2109507E-4
1758172672855,-160.08684,6.287866E-4,2.5854757E-4,3.7023905E-4
1758172672869,-159.45636,6.287866E-4,2.5854757E-4,3.7023905E-4
1758172672893,-158.91406,6.287866E-4,2.5854757E-4,3.7023905E-4
1758172672903,-158.91406,5.98551E-4,2.784091E-4,3.201419E-4
1758172672907,-158.37749,5.98551E-4,2.784091E-4,3.201419E-4
1758172672938,-157.80305,5.98551E-4,2.784091E-4,3.201419E-4
1758172672940,-157.80305,6.203408E-4,1.8960665E-4,4.3073416E-4
1758172672952,-157.24187,6.203408E-4,1.8960665E-4,4.3073416E-4
1758172672977,-157.24187,5.1194086E-4,2.4319325E-4,2.6874762E-4
1758172672986,-156.78561,5.1194086E-4,2.4319325E-4,2.6874762E-4
1758172673010,-156.1243,5.1194086E-4,2.4319325E-4,2.6874762E-4
1758172673019,-156.1243,5.1194086E-4,2.4319325E-4,2.6874762E-4
1758172673021,-156.1243,5.499444E-4,2.2907765E-4,3.2086676E-4
1758172673035,-155.65826,5.499444E-4,2.2907765E-4,3.2086676E-4
1758172673059,-155.65826,5.750534E-4,2.0191832E-4,3.731351E-4
1758172673059,-155.10048,5.750534E-4,2.0191832E-4,3.731351E-4
1758172673079,-154.48714,5.750534E-4,2.0191832E-4,3.731351E-4
1758172673113,-154.48714,5.7231786E-4,2.5201825E-4,3.2029962E-4
1758172673123,-153.4983,5.7231786E-4,2.5201825E-4,3.2029962E-4
1758172673140,-153.4983,5.51924E-4,2.1171333E-4,3.4021068E-4
1758172673142,-153.01462,5.51924E-4,2.1171333E-4,3.4021068E-4
1758172673172,-152.21675,5.51924E-4,2.1171333E-4,3.4021068E-4
1758172673173,-152.21675,5.51924E-4,2.1171333E-4,3.4021068E-4
1758172673177,-152.21675,5.563062E-4,1.8556946E-4,3.7073676E-4
1758172673199,-151.87291,5.563062E-4,1.8556946E-4,3.7073676E-4
1758172673219,-151.51721,5.563062E-4,1.8556946E-4,3.7073676E-4
1758172673230,-151.07907,5.563062E-4,1.8556946E-4,3.7073676E-4
1758172673236,-151.07907,5.097679E-4,1.8989677E-4,3.1987112E-4
1758172673247,-151.07907,5.296565E-4,1.8507997E-4,3.445765E-4
1758172673248,-150.52467,5.296565E-4,1.8507997E-4,3.445765E-4
1758172673287,-149.90219,5.296565E-4,1.8507997E-4,3.445765E-4
1758172673288,-149.27411,5.296565E-4,1.8507997E-4,3.445765E-4
1758172673314,-149.27411,5.6789216E-4,1.730344E-4,3.9485778E-4
1758172673327,-148.69077,5.427817E-4,3.0732364E-4,2.3545808E-4
1758172673340,-148.11223,5.427817E-4,3.0732364E-4,2.3545808E-4
1758172673364,-147.41338,5.427817E-4,3.0732364E-4,2.3545808E-4
1758172673367,-147.41338,5.818913E-4,3.8076844E-4,2.0112284E-4
1758172673376,-146.64932,5.818913E-4,3.8076844E-4,2.0112284E-4
1758172673391,-145.88177,5.818913E-4,3.8076844E-4,2.0112284E-4
1758172673405,-145.88177,5.091912E-4,3.496482E-4,1.5954298E-4
1758172673408,-145.10782,5.091912E-4,3.496482E-4,1.5954298E-4
1758172673432,-144.49026,5.091912E-4,3.496482E-4,1.5954298E-4
1758172673466,-144.49026,5.624165E-4,4.150671E-4,1.473494E-4
1758172673478,-143.97699,5.624165E-4,4.150671E-4,1.473494E-4
1758172673496,-143.51518,5.624165E-4,4.150671E-4,1.473494E-4
1758172673508,-142.20615,6.132799E-4,4.2663136E-4,1.8664851E-4
1758172673517,-142.20615,6.132799E-4,4.2663136E-4,1.8664851E-4
1758172673532,-141.23601,6.132799E-4,4.2663136E-4,1.8664851E-4
1758172673547,-140.1703,6.132799E-4,4.2663136E-4,1.8664851E-4
1758172673550,-140.1703,5.0320046E-4,5.109849E-4,-7.78446E-6
1758172673571,-139.14429,5.0320046E-4,5.109849E-4,-7.78446E-6
1758172673593,-139.14429,6.99829E-4,3.6582482E-4,3.340042E-4
1758172673604,-138.15341,6.99829E-4,3.6582482E-4,3.340042E-4
1758172673632,-138.15341,6.893682E-4,5.0211605E-4,1.8725212E-4
1758172673642,-136.09926,6.893682E-4,5.0211605E-4,1.8725212E-4
1758172673658,-136.09926,5.222354E-4,5.604058E-4,-3.8170372E-5
1758172673659,-135.31497,5.222354E-4,5.604058E-4,-3.8170372E-5
1758172673670,-134.78703,5.222354E-4,5.604058E-4,-3.8170372E-5
1758172673695,-134.78703,5.6304934E-4,4.6194752E-4,1.0110182E-4
1758172673697,-134.36667,5.6304934E-4,4.6194752E-4,1.0110182E-4
1758172673712,-133.966,5.6304934E-4,4.6194752E-4,1.0110182E-4
1758172673736,-133.58948,5.6304934E-4,4.6194752E-4,1.0110182E-4
1758172673744,-133.58948,5.7858333E-4,5.21245E-4,5.733833E-5
1758172673763,-133.14449,5.7858333E-4,5.21245E-4,5.733833E-5
1758172673767,-132.56525,5.7858333E-4,5.21245E-4,5.733833E-5
1758172673786,-132.56525,6.390255E-4,5.4100546E-4,9.802001E-5
1758172673805,-131.85681,6.390255E-4,5.4100546E-4,9.802001E-5
1758172673807,-131.15887,6.390255E-4,5.4100546E-4,9.802001E-5
1758172673831,-131.15887,5.8353425E-4,5.8237405E-4,1.1601951E-6
1758172673833,-130.55809,5.8353425E-4,5.8237405E-4,1.1601951E-6
1758172673864,-130.55809,5.630808E-4,6.0415786E-4,-4.1077088E-5
1758172673874,-130.06644,5.630808E-4,6.0415786E-4,-4.1077088E-5
1758172673889,-129.0895,5.630808E-4,6.0415786E-4,-4.1077088E-5
1758172673890,-129.0895,5.630808E-4,6.0415786E-4,-4.1077088E-5
1758172673894,-129.0895,6.361245E-4,6.2423927E-4,1.1885248E-5
1758172673914,-128.46777,6.361245E-4,6.2423927E-4,1.1885248E-5
1758172673948,-128.46777,5.375148E-4,7.354236E-4,-1.9790878E-4
1758172673958,-126.948456,5.375148E-4,7.354236E-4,-1.9790878E-4
1758172673974,-126.948456,5.0148956E-4,4.975002E-4,3.9893785E-6
1758172673976,-126.0065,5.0148956E-4,4.975002E-4,3.9893785E-6
1758172673997,-124.90843,5.0148956E-4,4.975002E-4,3.9893785E-6
1758172674018,-123.824646,5.0148956E-4,4.975002E-4,3.9893785E-6
1758172674028,-123.824646,3.8963248E-4,5.436223E-4,-1.5398982E-4
1758172674037,-122.84061,3.8963248E-4,5.436223E-4,-1.5398982E-4
1758172674066,-122.84061,4.4341423E-4,5.739075E-4,-1.3049328E-4
1758172674075,-122.01872,4.4341423E-4,5.739075E-4,-1.3049328E-4
1758172674091,-121.35828,4.4341423E-4,5.739075E-4,-1.3049328E-4
1758172674092,-120.74008,4.4341423E-4,5.739075E-4,-1.3049328E-4
1758172674102,-120.74008,4.1277977E-4,5.592655E-4,-1.4648572E-4
1758172674112,-120.14993,4.1277977E-4,5.592655E-4,-1.4648572E-4
1758172674136,-120.14993,6.083492E-4,5.8374065E-4,2.460857E-5
1758172674137,-119.61107,6.083492E-4,5.8374065E-4,2.460857E-5
1758172674156,-119.1402,6.083492E-4,5.8374065E-4,2.460857E-5
1758172674187,-119.1402,6.248791E-4,5.085559E-4,1.1632318E-4
1758172674197,-117.797775,6.248791E-4,5.085559E-4,1.1632318E-4
1758172674211,-116.82114,6.248791E-4,5.085559E-4,1.1632318E-4
1758172674222,-116.82114,4.5886927E-4,6.0452067E-4,-1.456514E-4
1758172674228,-115.74213,4.5886927E-4,6.0452067E-4,-1.456514E-4
1758172674257,-114.67502,4.5886927E-4,6.0452067E-4,-1.456514E-4
1758172674260,-114.67502,4.413962E-4,7.8812457E-4,-3.4672837E-4
1758172674271,-113.688065,4.413962E-4,7.8812457E-4,-3.4672837E-4
1758172674298,-112.839874,4.413962E-4,7.8812457E-4,-3.4672837E-4
1758172674301,-112.839874,6.2364154E-4,6.137349E-4,9.906653E-6
1758172674324,-112.02727,6.2364154E-4,6.137349E-4,9.906653E-6
1758172674326,-112.02727,8.760136E-4,7.587704E-4,1.1724321E-4
1758172674327,-111.21849,8.760136E-4,7.587704E-4,1.1724321E-4
1758172674358,-110.368225,8.760136E-4,7.587704E-4,1.1724321E-4
1758172674377,-110.368225,9.2824304E-4,4.9062556E-4,4.3761748E-4
1758172674377,-109.48064,9.2824304E-4,4.9062556E-4,4.3761748E-4
1758172674398,-108.53906,9.2824304E-4,4.9062556E-4,4.3761748E-4
1758172674423,-108.53906,7.310229E-4,7.8733347E-4,-5.6310557E-5
1758172674424,-107.57776,7.310229E-4,7.8733347E-4,-5.6310557E-5
1758172674428,-106.73886,7.310229E-4,7.8733347E-4,-5.6310557E-5
1758172674460,-106.036316,7.310229E-4,7.8733347E-4,-5.6310557E-5
1758172674461,-106.036316,6.6675484E-4,6.010391E-4,6.571575E-5
1758172674483,-105.371124,6.6675484E-4,6.010391E-4,6.571575E-5
1758172674485,-105.371124,7.130449E-4,7.3522714E-4,-2.2182241E-5
1758172674487,-104.70978,7.130449E-4,7.3522714E-4,-2.2182241E-5
1758172674518,-104.050934,7.130449E-4,7.3522714E-4,-2.2182241E-5
1758172674547,-104.050934,4.1817996E-4,4.8772673E-4,-6.9546775E-5
1758172674558,-102.7845,4.1817996E-4,4.8772673E-4,-6.9546775E-5
1758172674574,-102.7845,3.6808816E-4,5.451038E-4,-1.7701564E-4
1758172674574,-102.27463,3.6808816E-4,5.451038E-4,-1.7701564E-4
1758172674588,-101.79266,3.6808816E-4,5.451038E-4,-1.7701564E-4
1758172674613,-101.79266,3.7227772E-4,8.5006683E-4,-4.7778912E-4
1758172674614,-101.167145,3.7227772E-4,8.5006683E-4,-4.7778912E-4
1758172674638,-100.193695,3.7227772E-4,8.5006683E-4,-4.7778912E-4
1758172674675,-100.193695,0.0022040384,0.0014793068,7.247316E-4
1758172674686,-98.16257,0.0022040384,0.0014793068,7.247316E-4
1758172674707,-98.16257,0.001134693,7.624769E-4,3.7221616E-4
1758172674716,-96.42624,0.001134693,7.624769E-4,3.7221616E-4
1758172674718,-96.42624,0.001134693,7.624769E-4,3.7221616E-4
1758172674748,-96.42624,0.0013326686,7.534522E-4,5.792164E-4
1758172674758,-94.792145,0.0013326686,7.534522E-4,5.792164E-4
1758172674773,-94.09393,0.0013326686,7.534522E-4,5.792164E-4
1758172674774,-94.09393,0.001799658,0.0014926422,3.0701584E-4
1758172674797,-93.58795,0.001799658,0.0014926422,3.0701584E-4
1758172674820,-93.21283,0.001799658,0.0014926422,3.0701584E-4
1758172674830,-93.21283,4.141553E-4,8.0367166E-4,-3.8951635E-4
1758172674840,-92.84778,4.141553E-4,8.0367166E-4,-3.8951635E-4
1758172674855,-92.84778,0.001384411,0.0015509136,-1.6650255E-4
1758172674864,-92.61017,0.001384411,0.0015509136,-1.6650255E-4
1758172674874,-92.34042,0.001384411,0.0015509136,-1.6650255E-4
1758172674896,-92.34042,0.0012587494,0.0012293096,2.9439805E-5
1758172674907,-91.88614,0.0012587494,0.0012293096,2.9439805E-5
1758172674918,-91.19818,0.0012587494,0.0012293096,2.9439805E-5
1758172674938,-90.51141,0.0012587494,0.0012293096,2.9439805E-5
1758172674941,-90.51141,0.0016381392,0.001050526,5.876132E-4
1758172674955,-89.98749,0.0016381392,0.001050526,5.876132E-4
1758172674982,-89.98749,0.0017175569,8.185975E-4,8.9895935E-4
1758172674993,-89.33765,0.0017175569,8.185975E-4,8.9895935E-4
1758172674994,-89.33765,0.0017175569,8.185975E-4,8.9895935E-4
1758172675026,-89.33765,4.1790187E-4,6.8348064E-4,-2.6557877E-4
1758172675038,-89.21988,4.1790187E-4,6.8348064E-4,-2.6557877E-4
1758172675054,-88.87607,4.1790187E-4,6.8348064E-4,-2.6557877E-4
1758172675057,-88.87607,1.845168E-4,6.670518E-4,-4.8253502E-4
1758172675072,-88.59482,1.845168E-4,6.670518E-4,-4.8253502E-4
1758172675097,-88.27554,1.845168E-4,6.670518E-4,-4.8253502E-4
1758172675100,-88.27554,6.99589E-4,7.066566E-4,-7.067574E-6
1758172675123,-87.93121,6.99589E-4,7.066566E-4,-7.067574E-6
1758172675124,-87.93121,4.2029255E-4,5.4596603E-4,-1.2567348E-4
1758172675127,-87.58768,4.2029255E-4,5.4596603E-4,-1.2567348E-4
1758172675158,-87.19034,4.2029255E-4,5.4596603E-4,-1.2567348E-4
1758172675178,-86.58081,4.2029255E-4,5.4596603E-4,-1.2567348E-4
1758172675189,-86.58081,5.667888E-4,5.8164354E-4,-1.485477E-5
1758172675199,-85.8515,5.667888E-4,5.8164354E-4,-1.485477E-5
1758172675223,-85.11148,5.667888E-4,5.8164354E-4,-1.485477E-5
1758172675223,-85.11148,0.001245396,5.079131E-4,7.3748286E-4
1758172675227,-84.26538,0.001245396,5.079131E-4,7.3748286E-4
1758172675248,-83.33505,0.001245396,5.079131E-4,7.3748286E-4
1758172675252,-83.33505,6.625054E-4,5.8452814E-4,7.797725E-5
1758172675284,-82.52704,6.625054E-4,5.8452814E-4,7.797725E-5
1758172675287,-81.749756,6.625054E-4,5.8452814E-4,7.797725E-5
1758172675315,-81.749756,9.574388E-4,6.821702E-4,2.7526857E-4
1758172675327,-80.86685,9.574388E-4,6.821702E-4,2.7526857E-4
1758172675328,-79.85315,9.574388E-4,6.821702E-4,2.7526857E-4
1758172675356,-79.85315,7.5751037E-4,7.810914E-4,-2.358103E-5
1758172675366,-78.90192,7.5751037E-4,7.810914E-4,-2.358103E-5
1758172675367,-77.78226,7.5751037E-4,7.810914E-4,-2.358103E-5
1758172675398,-77.78226,6.9126656E-4,0.0010360098,-3.447432E-4
1758172675408,-76.44922,6.9126656E-4,0.0010360098,-3.447432E-4
1758172675423,-74.85559,6.9126656E-4,0.0010360098,-3.447432E-4
1758172675424,-74.85559,4.035822E-4,4.8252003E-4,-7.8937825E-5
1758172675427,-73.39664,4.035822E-4,4.8252003E-4,-7.8937825E-5
1758172675449,-72.131226,4.035822E-4,4.8252003E-4,-7.8937825E-5
1758172675453,-72.131226,7.30505E-4,7.0880534E-4,2.1699641E-5
1758172675485,-70.99802,7.30505E-4,7.0880534E-4,2.1699641E-5
1758172675488,-70.00433,7.30505E-4,7.0880534E-4,2.1699641E-5
1758172675515,-70.00433,5.6900654E-4,9.757008E-4,-4.0669425E-4
1758172675525,-68.94629,5.6900654E-4,9.757008E-4,-4.0669425E-4
1758172675527,-67.95764,5.6900654E-4,9.757008E-4,-4.0669425E-4
1758172675547,-67.95764,5.409401E-4,6.037867E-4,-6.284664E-5
1758172675566,-66.96396,5.409401E-4,6.037867E-4,-6.284664E-5
1758172675568,-65.94238,5.409401E-4,6.037867E-4,-6.284664E-5
1758172675591,-65.94238,3.932542E-4,9.120192E-4,-5.1876507E-4
1758172675592,-64.74121,3.932542E-4,9.120192E-4,-5.1876507E-4
1758172675628,-61.774048,3.932542E-4,9.120192E-4,-5.1876507E-4
1758172675630,-61.774048,0.001110825,9.6393964E-4,1.4688534E-4
1758172675651,-60.51544,0.001110825,9.6393964E-4,1.4688534E-4
1758172675672,-60.51544,0.0012913296,0.00104404,2.4728966E-4
1758172675683,-59.51703,0.0012913296,0.00104404,2.4728966E-4
1758172675694,-59.51703,0.001424215,7.5251155E-4,6.717035E-4
1758172675713,-58.034546,0.001424215,7.5251155E-4,6.717035E-4
1758172675724,-58.034546,0.001424215,7.5251155E-4,6.717035E-4
1758172675738,-58.034546,0.0010170885,9.307339E-4,8.6354616E-5
1758172675748,-56.41568,0.0010170885,9.307339E-4,8.6354616E-5
1758172675758,-56.41568,0.0010170885,9.307339E-4,8.6354616E-5
1758172675774,-56.41568,4.9291283E-4,8.679787E-4,-3.750659E-4
1758172675775,-55.389954,4.9291283E-4,8.679787E-4,-3.750659E-4
1758172675789,-54.250122,4.9291283E-4,8.679787E-4,-3.750659E-4
1758172675814,-54.250122,4.2832003E-4,0.0010248923,-5.965723E-4
1758172675815,-53.098206,4.2832003E-4,0.0010248923,-5.965723E-4
1758172675831,-52.00995,4.2832003E-4,0.0010248923,-5.965723E-4
1758172675855,-51.0979,4.2832003E-4,0.0010248923,-5.965723E-4
1758172675868,-51.0979,4.343418E-4,9.5678866E-4,-5.224468E-4
1758172675874,-50.30789,4.343418E-4,9.5678866E-4,-5.224468E-4
1758172675890,-50.30789,2.6760984E-4,0.0010684096,-8.007998E-4
1758172675908,-48.789673,2.6760984E-4,0.0010684096,-8.007998E-4
1758172675918,-48.789673,2.6760984E-4,0.0010684096,-8.007998E-4
1758172675933,-47.832703,2.6760984E-4,0.0010684096,-8.007998E-4
1758172675947,-46.86212,2.6760984E-4,0.0010684096,-8.007998E-4
1758172675957,-46.86212,0.0012213468,7.8277674E-4,4.3857004E-4
1758172675967,-45.954468,0.0012213468,7.8277674E-4,4.3857004E-4
1758172675990,-45.954468,0.0025103337,8.721407E-4,0.0016381929
1758172675991,-45.1416,0.0025103337,8.721407E-4,0.0016381929
1758172676027,-44.368652,0.0025103337,8.721407E-4,0.0016381929
1758172676028,-43.595367,0.002755644,0.0010241792,0.0017314649
1758172676050,-43.595367,0.0012826532,8.0929365E-4,4.7335954E-4
1758172676051,-42.990234,0.0012826532,8.0929365E-4,4.7335954E-4
1758172676086,-42.466248,0.0012826532,8.0929365E-4,4.7335954E-4
1758172676087,-41.976715,0.0012826532,8.0929365E-4,4.7335954E-4
1758172676116,-41.976715,7.369182E-4,0.0010929141,-3.5599596E-4
1758172676127,-41.470123,7.369182E-4,0.0010929141,-3.5599596E-4
1758172676127,-40.9057,7.369182E-4,0.0010929141,-3.5599596E-4
1758172676156,-40.9057,0.0011596248,6.8896136E-4,4.7066342E-4
1758172676167,-40.17392,0.0011596248,6.8896136E-4,4.7066342E-4
1758172676168,-39.367798,0.0011596248,6.8896136E-4,4.7066342E-4
1758172676198,-39.367798,8.533826E-4,6.076608E-4,2.4572178E-4
1758172676210,-38.699463,0.0013240117,7.684766E-4,5.5553514E-4
1758172676228,-37.73947,0.0013240117,7.684766E-4,5.5553514E-4
1758172676238,-37.73947,0.0013240117,7.684766E-4,5.5553514E-4
1758172676253,-37.73947,6.5238884E-4,0.0025176874,-0.0018652985
1758172676254,-37.346313,6.5238884E-4,0.0025176874,-0.0018652985
1758172676275,-36.754242,6.5238884E-4,0.0025176874,-0.0018652985
1758172676297,-36.139343,6.5238884E-4,0.0025176874,-0.0018652985
1758172676307,-36.139343,1.5138698E-4,5.885842E-4,-4.3719725E-4
1758172676316,-35.639404,1.5138698E-4,5.885842E-4,-4.3719725E-4
1758172676341,-35.16324,1.5138698E-4,5.885842E-4,-4.3719725E-4
1758172676342,-35.16324,1.5677261E-4,6.86113E-4,-5.293404E-4
1758172676347,-34.664642,1.5677261E-4,6.86113E-4,-5.293404E-4
1758172676367,-34.03189,1.5677261E-4,6.86113E-4,-5.293404E-4
1758172676372,-34.03189,2.6319025E-4,7.27416E-4,-4.6422577E-4
1758172676403,-33.528137,2.6319025E-4,7.27416E-4,-4.6422577E-4
1758172676405,-33.528137,2.2807161E-4,6.8657903E-4,-4.5850742E-4
1758172676438,-32.805298,2.2807161E-4,6.8657903E-4,-4.5850742E-4
1758172676456,-32.805298,2.2807161E-4,6.8657903E-4,-4.5850742E-4
1758172676456,-32.392395,2.2807161E-4,6.8657903E-4,-4.5850742E-4
1758172676460,-32.392395,1.8784378E-4,7.5941015E-4,-5.715664E-4
1758172676473,-31.735138,1.8784378E-4,7.5941015E-4,-5.715664E-4
1758172676498,-31.735138,2.5218903E-4,7.1490766E-4,-4.6271863E-4
1758172676506,-31.215088,2.5218903E-4,7.1490766E-4,-4.6271863E-4
1758172676520,-30.516937,2.5218903E-4,7.1490766E-4,-4.6271863E-4
1758172676545,-30.516937,4.0007502E-4,8.127778E-4,-4.1270276E-4
1758172676555,-29.693481,4.0007502E-4,8.127778E-4,-4.1270276E-4
1758172676570,-27.612335,4.0007502E-4,8.127778E-4,-4.1270276E-4
1758172676571,-27.612335,4.0007502E-4,8.127778E-4,-4.1270276E-4
1758172676580,-27.612335,3.781141E-4,6.112788E-4,-2.331647E-4
1758172676606,-26.643005,3.781141E-4,6.112788E-4,-2.331647E-4
1758172676611,-25.725128,3.781141E-4,6.112788E-4,-2.331647E-4
1758172676616,-25.725128,5.299675E-4,6.518172E-4,-1.21849705E-4
1758172676647,-24.77295,5.299675E-4,6.518172E-4,-1.21849705E-4
1758172676648,-24.019012,5.299675E-4,6.518172E-4,-1.21849705E-4
1758172676653,-24.019012,3.0300146E-4,8.783426E-4,-5.7534117E-4
1758172676678,-23.41446,3.0300146E-4,8.783426E-4,-5.7534117E-4
1758172676689,-22.9104,3.0300146E-4,8.783426E-4,-5.7534117E-4
1758172676699,-22.9104,3.327006E-4,9.87057E-4,-6.543564E-4
1758172676718,-22.356995,3.327006E-4,9.87057E-4,-6.543564E-4
1758172676749,-22.356995,3.0804612E-4,7.1672694E-4,-4.0868082E-4
1758172676760,-21.511383,3.0804612E-4,7.1672694E-4,-4.0868082E-4
1758172676774,-21.15622,3.0804612E-4,7.1672694E-4,-4.0868082E-4
1758172676790,-21.15622,3.834079E-4,6.6357787E-4,-2.8016997E-4
1758172676791,-20.786041,3.834079E-4,6.6357787E-4,-2.8016997E-4
1758172676816,-20.786041,5.36068E-4,7.923255E-4,-2.5625748E-4
1758172676827,-20.375885,5.36068E-4,7.923255E-4,-2.5625748E-4
1758172676838,-19.954926,5.36068E-4,7.923255E-4,-2.5625748E-4
1758172676864,-19.954926,5.455067E-4,6.509135E-4,-1.054068E-4
1758172676875,-19.446747,5.455067E-4,6.509135E-4,-1.054068E-4
1758172676889,-18.717804,5.455067E-4,6.509135E-4,-1.054068E-4
1758172676898,-18.717804,5.455067E-4,6.509135E-4,-1.054068E-4
1758172676908,-18.717804,5.0070597E-4,6.5348594E-4,-1.5277998E-4
1758172676918,-18.398285,5.0070597E-4,6.5348594E-4,-1.5277998E-4
1758172676943,-18.054504,5.0070597E-4,6.5348594E-4,-1.5277998E-4
1758172676944,-18.054504,3.4442908E-4,9.39259E-4,-5.948299E-4
1758172676948,-17.701569,3.4442908E-4,9.39259E-4,-5.948299E-4
1758172676978,-17.701569,2.811124E-4,7.196889E-4,-4.3857648E-4
1758172676988,-16.920624,2.811124E-4,7.196889E-4,-4.3857648E-4
1758172676989,-16.920624,2.811124E-4,7.196889E-4,-4.3857648E-4
1758172677007,-16.59085,2.811124E-4,7.196889E-4,-4.3857648E-4
1758172677013,-16.59085,2.9906328E-4,8.9102425E-4,-5.9196097E-4
1758172677035,-16.252258,2.9906328E-4,8.9102425E-4,-5.9196097E-4
1758172677068,-16.252258,2.6487224E-4,9.3705504E-4,-6.7218277E-4
1758172677078,-15.543091,2.6487224E-4,9.3705504E-4,-6.7218277E-4
1758172677094,-15.543091,2.9802622E-4,9.061634E-4,-6.081372E-4
1758172677094,-15.225403,2.9802622E-4,9.061634E-4,-6.081372E-4
1758172677117,-14.896606,2.9802622E-4,9.061634E-4,-6.081372E-4
1758172677150,-14.086273,2.9802622E-4,9.061634E-4,-6.081372E-4
1758172677161,-14.086273,3.7813498E-4,8.900255E-4,-5.118905E-4
1758172677176,-14.086273,5.8100757E-4,7.701278E-4,-1.8912024E-4
1758172677177,-13.749451,5.8100757E-4,7.701278E-4,-1.8912024E-4
1758172677191,-13.431549,5.8100757E-4,7.701278E-4,-1.8912024E-4
1758172677217,-13.093018,5.8100757E-4,7.701278E-4,-1.8912024E-4
1758172677220,-13.093018,4.7932746E-4,8.474343E-4,-3.6810682E-4
1758172677233,-12.8272705,4.7932746E-4,8.474343E-4,-3.6810682E-4
1758172677257,-12.8272705,3.1309016E-4,8.275731E-4,-5.1448296E-4
1758172677265,-12.601349,3.1309016E-4,8.275731E-4,-5.1448296E-4
1758172677289,-11.924164,3.1309016E-4,8.275731E-4,-5.1448296E-4
1758172677290,-11.924164,4.03434E-4,7.7067735E-4,-3.6724334E-4
1758172677310,-11.644928,4.03434E-4,7.7067735E-4,-3.6724334E-4
1758172677342,-11.644928,4.2485434E-4,8.551578E-4,-4.3030345E-4
1758172677352,-11.435059,4.2485434E-4,8.551578E-4,-4.3030345E-4
1758172677366,-10.989655,4.2485434E-4,8.551578E-4,-4.3030345E-4
1758172677367,-10.929993,4.2485434E-4,8.551578E-4,-4.3030345E-4
1758172677383,-10.929993,3.5531542E-4,7.7298953E-4,-4.176741E-4
1758172677388,-10.860931,3.5531542E-4,7.7298953E-4,-4.176741E-4
1758172677412,-10.88443,3.5531542E-4,7.7298953E-4,-4.176741E-4
1758172677427,-10.833221,3.5531542E-4,7.7298953E-4,-4.176741E-4
1758172677439,-10.833221,1.530981E-4,7.321284E-4,-5.790303E-4
1758172677467,-10.833221,1.1339382E-4,7.442175E-4,-6.3082366E-4
1758172677478,-10.851074,1.1339382E-4,7.442175E-4,-6.3082366E-4
1758172677493,-10.960785,1.1339382E-4,7.442175E-4,-6.3082366E-4
1758172677504,-10.960785,1.6592816E-4,8.329948E-4,-6.6706666E-4
1758172677508,-10.74173,1.6592816E-4,8.329948E-4,-6.6706666E-4
1758172677529,-10.927826,1.6592816E-4,8.329948E-4,-6.6706666E-4
1758172677540,-10.927826,3.1679E-4,8.234154E-4,-5.066254E-4
1758172677549,-10.834747,3.1679E-4,8.234154E-4,-5.066254E-4
1758172677574,-10.834747,4.8294032E-4,8.9923E-4,-4.162897E-4
1758172677582,-10.851746,4.8294032E-4,8.9923E-4,-4.162897E-4
1758172677606,-10.877655,4.8294032E-4,8.9923E-4,-4.162897E-4
1758172677607,-10.877655,3.3902418E-4,8.259477E-4,-4.869235E-4
1758172677617,-10.83905,3.3902418E-4,8.259477E-4,-4.869235E-4
1758172677642,-10.861237,3.3902418E-4,8.259477E-4,-4.869235E-4
1758172677644,-10.861237,1.9676755E-4,8.3481875E-4,-6.380512E-4
1758172677647,-10.863312,1.9676755E-4,8.3481875E-4,-6.380512E-4
1758172677668,-10.848145,1.9676755E-4,8.3481875E-4,-6.380512E-4
1758172677690,-10.852753,1.9676755E-4,8.3481875E-4,-6.380512E-4
1758172677701,-10.852753,1.07128384E-4,7.679432E-4,-6.608148E-4
1758172677707,-10.856018,1.07128384E-4,7.679432E-4,-6.608148E-4
1758172677727,-10.852844,1.07128384E-4,7.679432E-4,-6.608148E-4
1758172677752,-10.852844,1.4678255E-4,7.524503E-4,-6.0566777E-4
1758172677754,-10.848785,1.4678255E-4,7.524503E-4,-6.0566777E-4
1758172677777,-10.848785,1.3584235E-4,8.013864E-4,-6.6554407E-4
1758172677790,-10.847656,1.3584235E-4,8.013864E-4,-6.6554407E-4
1758172677793,-10.847656,1.3584235E-4,8.013864E-4,-6.6554407E-4
1758172677815,-10.847656,1.0499667E-4,8.310543E-4,-7.260576E-4
1758172677815,-10.845642,1.0499667E-4,8.310543E-4,-7.260576E-4
1758172677838,-10.848511,1.0499667E-4,8.310543E-4,-7.260576E-4
1758172677867,-10.848511,1.4569279E-4,7.7424484E-4,-6.2855205E-4
1758172677878,-10.843689,1.4569279E-4,7.7424484E-4,-6.2855205E-4
1758172677893,-10.843689,1.12302834E-4,7.993507E-4,-6.8704784E-4
1758172677894,-10.9409485,1.12302834E-4,7.993507E-4,-6.8704784E-4
1758172677908,-10.852051,1.12302834E-4,7.993507E-4,-6.8704784E-4
1758172677941,-10.765167,1.12302834E-4,7.993507E-4,-6.8704784E-4
1758172677952,-10.765167,1.4837604E-4,8.2554005E-4,-6.77164E-4
1758172677967,-10.343109,1.4837604E-4,8.2554005E-4,-6.77164E-4
1758172677968,-10.343109,1.4837604E-4,8.2554005E-4,-6.77164E-4
1758172677972,-10.343109,2.4897407E-4,7.967082E-4,-5.4773415E-4
1758172677994,-10.255798,2.4897407E-4,7.967082E-4,-5.4773415E-4
1758172678027,-10.255798,1.2369106E-4,7.818179E-4,-6.5812684E-4
1758172678037,-10.235535,1.2369106E-4,7.818179E-4,-6.5812684E-4
1758172678053,-10.24472,1.2369106E-4,7.818179E-4,-6.5812684E-4
1758172678054,-10.24472,1.03209146E-4,7.8705716E-4,-6.83848E-4
1758172678076,-10.225861,1.03209146E-4,7.8705716E-4,-6.83848E-4
1758172678109,-10.225861,1.1731407E-4,8.193003E-4,-7.0198625E-4
1758172678119,-10.213837,1.1731407E-4,8.193003E-4,-7.0198625E-4
1758172678134,-10.213837,7.1018316E-5,8.3881436E-4,-7.6779607E-4
1758172678135,-10.221313,7.1018316E-5,8.3881436E-4,-7.6779607E-4
1758172678149,-10.2187195,7.1018316E-5,8.3881436E-4,-7.6779607E-4
1758172678174,-10.2187195,8.608169E-5,7.432663E-4,-6.5718463E-4
1758172678175,-10.154755,8.608169E-5,7.432663E-4,-6.5718463E-4
1758172678194,-10.0312195,8.608169E-5,7.432663E-4,-6.5718463E-4
1758172678217,-10.0312195,1.5795366E-4,7.644359E-4,-6.0648227E-4
1758172678225,-9.87262,1.5795366E-4,7.644359E-4,-6.0648227E-4
1758172678251,-9.466614,1.5795366E-4,7.644359E-4,-6.0648227E-4
1758172678253,-9.466614,1.5795366E-4,7.644359E-4,-6.0648227E-4
1758172678268,-9.466614,2.0991017E-4,8.7374443E-4,-6.638343E-4
1758172678278,-9.274994,2.0991017E-4,8.7374443E-4,-6.638343E-4
1758172678299,-9.274994,2.0214368E-4,8.0087106E-4,-5.987274E-4
1758172678300,-9.161804,2.0214368E-4,8.0087106E-4,-5.987274E-4
1758172678311,-9.094971,2.0214368E-4,8.0087106E-4,-5.987274E-4
1758172678335,-9.04599,2.0214368E-4,8.0087106E-4,-5.987274E-4
1758172678335,-9.04599,1.17252355E-4,8.0414064E-4,-6.868883E-4
1758172678370,-8.904236,1.17252355E-4,8.0414064E-4,-6.868883E-4
1758172678371,-8.904236,1.17252355E-4,8.0414064E-4,-6.868883E-4
1758172678383,-8.904236,1.4010855E-4,8.0376654E-4,-6.63658E-4
1758172678387,-8.840363,1.4010855E-4,8.0376654E-4,-6.63658E-4
1758172678422,-8.799988,1.4010855E-4,8.0376654E-4,-6.63658E-4
1758172678424,-8.799988,1.3907305E-4,7.9392147E-4,-6.548484E-4
1758172678435,-8.7691345,1.3907305E-4,7.9392147E-4,-6.548484E-4
1758172678460,-8.672241,1.3907305E-4,7.9392147E-4,-6.548484E-4
1758172678463,-8.672241,1.2766446E-4,9.012175E-4,-7.7355304E-4
1758172678467,-8.569092,1.2766446E-4,9.012175E-4,-7.7355304E-4
1758172678487,-8.451599,1.2766446E-4,9.012175E-4,-7.7355304E-4
1758172678510,-8.451599,1.08944034E-4,8.581533E-4,-7.4920926E-4
1758172678512,-8.244873,1.08944034E-4,8.581533E-4,-7.4920926E-4
1758172678526,-8.244873,2.160274E-4,8.211723E-4,-6.051449E-4
1758172678547,-8.008972,2.160274E-4,8.211723E-4,-6.051449E-4
1758172678548,-7.7098083,2.160274E-4,8.211723E-4,-6.051449E-4
1758172678568,-7.375946,2.160274E-4,8.211723E-4,-6.051449E-4
1758172678583,-7.375946,3.063794E-4,7.7387714E-4,-4.6749774E-4
1758172678591,-6.9718323,3.063794E-4,7.7387714E-4,-4.6749774E-4
1758172678618,-6.9718323,3.400566E-4,8.363444E-4,-4.962878E-4
1758172678628,-6.560547,3.400566E-4,8.363444E-4,-4.962878E-4
1758172678642,-6.2061462,3.400566E-4,8.363444E-4,-4.962878E-4
1758172678647,-5.86557,3.400566E-4,8.363444E-4,-4.962878E-4
1758172678660,-5.86557,3.7410302E-4,8.436296E-4,-4.6952657E-4
1758172678667,-5.517456,3.7410302E-4,8.436296E-4,-4.6952657E-4
1758172678687,-5.129242,3.7410302E-4,8.436296E-4,-4.6952657E-4
1758172678723,-5.129242,2.292218E-4,9.085628E-4,-6.79341E-4
1758172678739,-4.7673645,2.292218E-4,9.085628E-4,-6.79341E-4
1758172678743,-4.463745,2.640987E-4,8.437628E-4,-5.7966413E-4
1758172678751,-4.2443237,2.640987E-4,8.437628E-4,-5.7966413E-4
1758172678767,-4.059021,2.640987E-4,8.437628E-4,-5.7966413E-4
1758172678773,-4.059021,1.8461198E-4,8.7727385E-4,-6.9266185E-4
1758172678793,-3.8009644,1.8461198E-4,8.7727385E-4,-6.9266185E-4
1758172678816,-3.4973145,1.8461198E-4,8.7727385E-4,-6.9266185E-4
1758172678829,-3.4973145,1.7247215E-4,7.954052E-4,-6.2293303E-4
1758172678839,-3.2938843,1.7247215E-4,7.954052E-4,-6.2293303E-4
1758172678863,-3.1256409,1.7247215E-4,7.954052E-4,-6.2293303E-4
1758172678864,-3.1256409,1.14899325E-4,9.604246E-4,-8.455253E-4
1758172678867,-2.904541,1.14899325E-4,9.604246E-4,-8.455253E-4
1758172678887,-2.588623,1.14899325E-4,9.604246E-4,-8.455253E-4
1758172678921,-2.588623,1.499796E-4,7.880837E-4,-6.381041E-4
1758172678933,-2.2120667,1.499796E-4,7.880837E-4,-6.381041E-4
1758172678953,-1.607605,2.6594158E-4,0.0010525066,-7.86565E-4
1758172678961,-1.607605,2.6594158E-4,0.0010525066,-7.86565E-4
1758172678976,-1.607605,2.65429E-4,7.9795305E-4,-5.325241E-4
1758172678977,-1.3334045,2.65429E-4,7.9795305E-4,-5.325241E-4
1758172678993,-0.98049927,2.65429E-4,7.9795305E-4,-5.325241E-4
1758172679017,-0.98049927,3.0536804E-4,7.651511E-4,-4.5978307E-4
1758172679017,-0.56170654,3.0536804E-4,7.651511E-4,-4.5978307E-4
1758172679036,-0.13952637,3.0536804E-4,7.651511E-4,-4.5978307E-4
1758172679068,-0.13952637,2.5576074E-4,9.1744546E-4,-6.616847E-4
1758172679078,0.71762085,2.5576074E-4,9.1744546E-4,-6.616847E-4
1758172679093,1.1972656,2.5576074E-4,9.1744546E-4,-6.616847E-4
1758172679095,1.1972656,4.8864895E-4,9.5308374E-4,-4.644348E-4
1758172679109,1.6912842,4.8864895E-4,9.5308374E-4,-4.644348E-4
1758172679127,2.2225342,4.8864895E-4,9.5308374E-4,-4.644348E-4
1758172679134,2.2225342,4.4019416E-4,0.0010663811,-6.2618696E-4
1758172679154,2.7278137,4.4019416E-4,0.0010663811,-6.2618696E-4
1758172679186,2.7278137,6.8321335E-4,0.0010487215,-3.6550814E-4
1758172679197,3.2054749,6.8321335E-4,0.0010487215,-3.6550814E-4
1758172679214,3.668274,6.8321335E-4,0.0010487215,-3.6550814E-4
1758172679215,4.118866,6.8321335E-4,0.0010487215,-3.6550814E-4
1758172679224,4.118866,4.7010972E-4,0.0011275734,-6.574637E-4
1758172679234,4.520752,4.7010972E-4,0.0011275734,-6.574637E-4
1758172679258,4.520752,3.3166097E-4,9.919995E-4,-6.6033856E-4
1758172679259,4.809723,3.3166097E-4,9.919995E-4,-6.6033856E-4
1758172679277,5.043701,3.3166097E-4,9.919995E-4,-6.6033856E-4
1758172679284,5.043701,2.0054572E-4,8.8439084E-4,-6.8384514E-4
1758172679318,5.52359,2.0054572E-4,8.8439084E-4,-6.8384514E-4
1758172679319,5.52359,2.0054572E-4,8.8439084E-4,-6.8384514E-4
1758172679356,5.52359,2.0863695E-4,8.6172967E-4,-6.5309275E-4
1758172679366,6.0197144,2.0863695E-4,8.6172967E-4,-6.5309275E-4
1758172679368,6.2615967,2.0863695E-4,8.6172967E-4,-6.5309275E-4
1758172679394,6.2615967,1.8042947E-4,8.843002E-4,-7.038707E-4
1758172679404,6.486664,1.9591504E-4,9.846807E-4,-7.8876567E-4
1758172679407,6.645813,1.9591504E-4,9.846807E-4,-7.8876567E-4
1758172679444,6.7961426,1.9591504E-4,9.846807E-4,-7.8876567E-4
1758172679447,6.986786,1.9591504E-4,9.846807E-4,-7.8876567E-4
1758172679476,6.986786,1.9843594E-4,8.5186935E-4,-6.534334E-4
1758172679497,7.2370605,1.9843594E-4,8.5186935E-4,-6.534334E-4
1758172679509,7.784729,1.9843594E-4,8.5186935E-4,-6.534334E-4
1758172679518,7.784729,3.570527E-4,8.426641E-4,-4.856114E-4
1758172679530,7.784729,2.4878673E-4,8.8304974E-4,-6.3426304E-4
1758172679531,8.202087,2.4878673E-4,8.8304974E-4,-6.3426304E-4
1758172679566,8.606598,2.4878673E-4,8.8304974E-4,-6.3426304E-4
1758172679567,8.606598,3.902534E-4,9.677592E-4,-5.775058E-4
1758172679588,9.165161,3.902534E-4,9.677592E-4,-5.775058E-4
1758172679600,9.55014,3.902534E-4,9.677592E-4,-5.775058E-4
1758172679627,9.55014,2.834224E-4,9.2796644E-4,-6.44544E-4
1758172679638,10.195801,2.834224E-4,9.2796644E-4,-6.44544E-4
1758172679653,10.483978,2.834224E-4,9.2796644E-4,-6.44544E-4
1758172679654,10.483978,2.6131133E-4,0.0010037493,-7.42438E-4
1758172679669,10.82785,2.6131133E-4,0.0010037493,-7.42438E-4
1758172679694,11.089386,2.6131133E-4,0.0010037493,-7.42438E-4
1758172679709,11.346344,2.6131133E-4,0.0010037493,-7.42438E-4
1758172679712,11.346344,2.6933846E-4,9.360022E-4,-6.6666375E-4
1758172679735,11.346344,1.9784951E-4,0.0010700206,-8.721711E-4
1758172679747,11.598541,1.9784951E-4,0.0010700206,-8.721711E-4
1758172679757,11.878754,1.9784951E-4,0.0010700206,-8.721711E-4
1758172679783,11.878754,2.5037126E-4,0.0011714972,-9.211259E-4
1758172679784,12.169373,2.5037126E-4,0.0011714972,-9.211259E-4
1758172679794,12.442505,2.5037126E-4,0.0011714972,-9.211259E-4
1758172679810,12.740997,2.5037126E-4,0.0011714972,-9.211259E-4
1758172679819,12.740997,3.5435884E-4,0.0011305993,-7.762405E-4
1758172679839,12.998077,3.5435884E-4,0.0011305993,-7.762405E-4
1758172679870,12.998077,2.8704683E-4,0.0011551423,-8.680955E-4
1758172679881,13.4592285,2.8704683E-4,0.0011551423,-8.680955E-4
1758172679896,13.4592285,2.9018143E-4,0.0011568685,-8.666871E-4
1758172679899,13.609314,2.9018143E-4,0.0011568685,-8.666871E-4
1758172679910,13.74054,2.9018143E-4,0.0011568685,-8.666871E-4
1758172679936,13.74054,1.5424819E-4,0.0011512326,-9.969844E-4
1758172679936,13.871277,1.5424819E-4,0.0011512326,-9.969844E-4
1758172679962,14.040894,1.5424819E-4,0.0011512326,-9.969844E-4
1758172679967,14.219421,1.5424819E-4,0.0011512326,-9.969844E-4
1758172679996,14.219421,1.940661E-4,0.0011072432,-9.1317715E-4
1758172680005,14.354706,1.940661E-4,0.0011072432,-9.1317715E-4
1758172680009,14.478516,1.940661E-4,0.0011072432,-9.1317715E-4
1758172680037,14.478516,1.9887708E-4,0.0011639395,-9.650624E-4
1758172680047,14.632568,1.9887708E-4,0.0011639395,-9.650624E-4
1758172680048,14.767395,1.9887708E-4,0.0011639395,-9.650624E-4
1758172680071,14.767395,1.8083866E-4,0.001112424,-9.315853E-4
1758172680072,14.936829,1.8083866E-4,0.001112424,-9.315853E-4
1758172680096,14.936829,3.0072383E-4,0.0010957111,-7.949873E-4
1758172680108,15.561768,3.0072383E-4,0.0010957111,-7.949873E-4
1758172680120,15.561768,3.0072383E-4,0.0010957111,-7.949873E-4
1758172680136,15.561768,2.674712E-4,0.001076276,-8.0880476E-4
1758172680137,15.869141,2.674712E-4,0.001076276,-8.0880476E-4
1758172680153,16.201721,2.674712E-4,0.001076276,-8.0880476E-4
1758172680177,16.201721,2.0778798E-4,0.0011197807,-9.1199274E-4
1758172680185,16.424408,2.0778798E-4,0.0011197807,-9.1199274E-4
1758172680196,16.796661,2.0778798E-4,0.0011197807,-9.1199274E-4
1758172680228,16.796661,6.5491896E-4,0.0010301343,-3.752153E-4
1758172680238,17.785217,6.5491896E-4,0.0010301343,-3.752153E-4
1758172680252,18.076141,6.5491896E-4,0.0010301343,-3.752153E-4
1758172680262,18.076141,3.4703492E-4,0.0010475677,-7.005328E-4
1758172680267,18.304443,3.4703492E-4,0.0010475677,-7.005328E-4
1758172680287,18.530396,3.4703492E-4,0.0010475677,-7.005328E-4
1758172680293,18.530396,2.5787394E-4,0.0012037848,-9.459109E-4
1758172680314,18.70697,2.5787394E-4,0.0012037848,-9.459109E-4
1758172680336,18.838196,2.5787394E-4,0.0012037848,-9.459109E-4
1758172680340,18.838196,1.855788E-4,0.001137122,-9.515432E-4
1758172680353,18.944519,1.855788E-4,0.001137122,-9.515432E-4
1758172680377,18.944519,1.187709E-4,0.0011536983,-0.0010349274
1758172680386,19.079712,1.187709E-4,0.0011536983,-0.0010349274
1758172680397,19.17871,1.187709E-4,0.0011536983,-0.0010349274
1758172680428,19.17871,1.17736636E-4,0.0010687019,-9.509652E-4
1758172680438,19.302307,1.17736636E-4,0.0010687019,-9.509652E-4
1758172680453,19.302307,1.21368554E-4,0.0011556788,-0.0010343102
1758172680454,19.36325,1.21368554E-4,0.0011556788,-0.0010343102
1758172680469,19.428833,1.21368554E-4,0.0011556788,-0.0010343102
1758172680497,19.428833,1.4603992E-4,0.0011361905,-9.901506E-4
1758172680500,19.50296,1.4603992E-4,0.0011361905,-9.901506E-4
1758172680522,19.58551,1.4603992E-4,0.0011361905,-9.901506E-4
1758172680526,19.58551,1.7144032E-4,0.0011234598,-9.520195E-4
1758172680547,19.695557,1.7144032E-4,0.0011234598,-9.520195E-4
1758172680559,19.78421,1.7144032E-4,0.0011234598,-9.520195E-4
1758172680588,19.78421,1.4501144E-4,0.0011766999,-0.0010316884
1758172680598,20.139557,1.4501144E-4,0.0011766999,-0.0010316884
1758172680613,20.38092,1.4501144E-4,0.0011766999,-0.0010316884
1758172680615,20.38092,1.6204246E-4,0.0011622369,-0.0010001945
1758172680628,20.603088,1.6204246E-4,0.0011622369,-0.0010001945
1758172680651,20.603088,1.9377438E-4,0.0011811128,-9.873385E-4
1758172680652,20.737213,1.9377438E-4,0.0011811128,-9.873385E-4
1758172680673,20.876404,1.9377438E-4,0.0011811128,-9.873385E-4
1758172680695,20.876404,2.2303677E-4,0.001144057,-9.210203E-4
1758172680706,21.059631,2.2303677E-4,0.001144057,-9.210203E-4
1758172680718,21.242798,2.2303677E-4,0.001144057,-9.210203E-4
1758172680735,21.427765,2.2303677E-4,0.001144057,-9.210203E-4
1758172680745,21.427765,2.5903224E-4,0.0011698892,-9.10857E-4
1758172680747,21.66217,2.5903224E-4,0.0011698892,-9.10857E-4
1758172680781,22.009216,2.5903224E-4,0.0011698892,-9.10857E-4
1758172680782,22.009216,4.1791215E-4,0.0012174709,-7.995587E-4
1758172680808,22.672699,4.1791215E-4,0.0012174709,-7.995587E-4
1758172680809,22.672699,4.1791215E-4,0.0012174709,-7.995587E-4
1758172680827,22.672699,6.251527E-4,0.0011989543,-5.738016E-4
1758172680828,22.966736,6.251527E-4,0.0011989543,-5.738016E-4
1758172680864,22.966736,4.7225604E-4,0.0012438981,-7.71642E-4
1758172680877,23.664429,4.7225604E-4,0.0012438981,-7.71642E-4
1758172680894,23.664429,4.7225604E-4,0.0012438981,-7.71642E-4
1758172680908,24.397522,5.385192E-4,0.0012374476,-6.9892843E-4
1758172680919,24.397522,5.385192E-4,0.0012374476,-6.9892843E-4
1758172680934,24.397522,3.5546327E-4,0.0011000752,-7.4461196E-4
1758172680934,24.770721,3.5546327E-4,0.0011000752,-7.4461196E-4
1758172680956,25.150238,3.5546327E-4,0.0011000752,-7.4461196E-4
1758172680978,25.522522,3.5546327E-4,0.0011000752,-7.4461196E-4
1758172680980,25.522522,4.006464E-4,0.0012098916,-8.092453E-4
1758172681006,25.947021,4.006464E-4,0.0012098916,-8.092453E-4
1758172681007,25.947021,4.2972228E-4,0.0010991753,-6.6945306E-4
1758172681009,26.473328,4.2972228E-4,0.0010991753,-6.6945306E-4
1758172681046,26.905426,4.2972228E-4,0.0010991753,-6.6945306E-4
1758172681047,27.242676,4.2972228E-4,0.0010991753,-6.6945306E-4
1758172681070,27.242676,3.7373637E-4,0.0011392051,-7.654687E-4
1758172681080,27.50293,3.7373637E-4,0.0011392051,-7.654687E-4
1758172681109,27.50293,2.512812E-4,0.0010684393,-8.1715814E-4
1758172681118,27.749847,2.512812E-4,0.0010684393,-8.1715814E-4
1758172681133,27.749847,1.2021447E-4,0.00121276,-0.0010925456
1758172681134,27.78479,1.2021447E-4,0.00121276,-0.0010925456
1758172681156,27.79541,1.2021447E-4,0.00121276,-0.0010925456
1758172681178,27.79541,1.4847994E-4,0.0011775652,-0.0010290853
1758172681187,27.955475,1.4847994E-4,0.0011775652,-0.0010290853
1758172681197,28.195038,1.4847994E-4,0.0011775652,-0.0010290853
1758172681222,28.416748,1.4847994E-4,0.0011775652,-0.0010290853
1758172681223,28.416748,2.7541435E-4,0.0012137308,-9.3831646E-4
1758172681227,28.597992,2.7541435E-4,0.0012137308,-9.3831646E-4
1758172681257,28.597992,2.0354659E-4,0.0011276943,-9.2414767E-4
1758172681257,28.78424,2.0354659E-4,0.0011276943,-9.2414767E-4
1758172681269,29.003235,2.0354659E-4,0.0011276943,-9.2414767E-4
1758172681287,29.205872,2.0354659E-4,0.0011276943,-9.2414767E-4
1758172681293,29.205872,2.4182364E-4,0.0012271884,-9.853648E-4
1758172681315,29.356232,2.4182364E-4,0.0012271884,-9.853648E-4
1758172681350,29.356232,1.808781E-4,0.001083835,-9.0295693E-4
1758172681360,29.734406,1.808781E-4,0.001083835,-9.0295693E-4
1758172681375,29.734406,2.3399423E-4,0.0011514273,-9.1743306E-4
1758172681376,29.844513,2.3399423E-4,0.0011514273,-9.1743306E-4
1758172681398,29.921326,2.3399423E-4,0.0011514273,-9.1743306E-4
1758172681421,30.044708,2.3399423E-4,0.0011514273,-9.1743306E-4
1758172681427,30.235138,2.3399423E-4,0.0011514273,-9.1743306E-4
1758172681428,30.235138,1.4819825E-4,0.0010877418,-9.395436E-4
1758172681449,30.235138,1.5553215E-4,0.0012021369,-0.0010466047
1758172681451,30.411316,1.5553215E-4,0.0012021369,-0.0010466047
1758172681485,30.52118,1.5553215E-4,0.0012021369,-0.0010466047
1758172681487,30.623718,1.5553215E-4,0.0012021369,-0.0010466047
1758172681515,30.623718,1.9330197E-4,0.0011300528,-9.367509E-4
1758172681525,30.744446,1.9330197E-4,0.0011300528,-9.367509E-4
1758172681527,30.905365,1.9330197E-4,0.0011300528,-9.367509E-4
1758172681554,30.905365,2.3369692E-4,0.0011390413,-9.053444E-4
1758172681555,31.047577,2.3369692E-4,0.0011390413,-9.053444E-4
1758172681577,31.12207,2.3369692E-4,0.0011390413,-9.053444E-4
1758172681589,31.12207,1.9842615E-4,0.0011824874,-9.840612E-4
1758172681590,31.194824,1.9842615E-4,0.0011824874,-9.840612E-4
1758172681625,31.30011,1.9842615E-4,0.0011824874,-9.840612E-4
1758172681626,31.30011,1.3332513E-4,0.0011399493,-0.0010066242
1758172681627,31.36612,1.3332513E-4,0.0011399493,-0.0010066242
1758172681649,31.39148,1.3332513E-4,0.0011399493,-0.0010066242
1758172681654,31.39148,1.19641045E-4,0.0011879461,-0.001068305
1758172681684,31.312134,1.19641045E-4,0.0011879461,-0.001068305
1758172681687,31.45691,1.19641045E-4,0.0011879461,-0.001068305
1758172681703,31.45691,1.3245069E-4,0.0011605824,-0.0010281317
1758172681725,31.45404,1.3245069E-4,0.0011605824,-0.0010281317
1758172681727,31.453125,1.3245069E-4,0.0011605824,-0.0010281317
1758172681744,31.453125,1.2610687E-4,0.001133334,-0.0010072271
1758172681765,31.530945,1.2610687E-4,0.001133334,-0.0010072271
1758172681767,31.601685,1.2610687E-4,0.001133334,-0.0010072271
1758172681790,31.601685,9.0973954E-5,0.0011049372,-0.0010139633
1758172681791,31.43335,9.0973954E-5,0.0011049372,-0.0010139633
1758172681818,31.43335,1.2791701E-4,0.0011600798,-0.0010321628
1758172681818,31.445374,1.2791701E-4,0.0011600798,-0.0010321628
1758172681852,31.473694,1.2791701E-4,0.0011600798,-0.0010321628
1758172681854,31.473694,9.93287E-5,0.0011522198,-0.0010528911
1758172681885,31.46347,9.93287E-5,0.0011522198,-0.0010528911
1758172681887,31.46347,8.632519E-5,0.0011339962,-0.001047671
1758172681906,31.467743,8.632519E-5,0.0011339962,-0.001047671
1758172681918,31.471497,8.632519E-5,0.0011339962,-0.001047671
1758172681936,31.471497,8.771513E-5,0.0010622347,-9.7451964E-4
1758172681947,31.465942,8.771513E-5,0.0010622347,-9.7451964E-4
1758172681958,31.465485,8.771513E-5,0.0010622347,-9.7451964E-4
1758172681984,31.469177,8.771513E-5,0.0010622347,-9.7451964E-4
1758172681995,31.469177,9.349541E-5,0.0010826383,-9.891429E-4
1758172682009,31.466492,9.349541E-5,0.0010826383,-9.891429E-4
1758172682009,31.466492,9.349541E-5,0.0010826383,-9.891429E-4
1758172682027,31.466858,9.349541E-5,0.0010826383,-9.891429E-4
1758172682035,31.466858,7.951983E-5,0.0011770228,-0.001097503
1758172682071,31.462494,7.951983E-5,0.0011770228,-0.001097503
1758172682078,31.462494,9.347456E-5,0.0011298796,-0.0010364051
1758172682096,31.464294,9.347456E-5,0.0011298796,-0.0010364051
1758172682102,31.464294,9.095799E-5,0.0010095695,-9.1861153E-4
1758172682113,31.46408,9.095799E-5,0.0010095695,-9.1861153E-4
1758172682137,31.46408,1.6715161E-4,0.0011676757,-0.0010005241
1758172682138,31.463257,1.6715161E-4,0.0011676757,-0.0010005241
1758172682157,31.459473,1.6715161E-4,0.0011676757,-0.0010005241
1758172682187,31.459473,8.757418E-5,0.0010358085,-9.482343E-4
1758172682198,31.465149,8.757418E-5,0.0010358085,-9.482343E-4
1758172682223,31.465149,9.588013E-5,0.0011070011,-0.001011121
1758172682235,31.46106,9.588013E-5,0.0011070011,-0.001011121
1758172682250,31.45752,9.588013E-5,0.0011070011,-0.001011121
1758172682251,31.45752,9.588013E-5,0.0011070011,-0.001011121
1758172682260,31.45752,8.800057E-5,0.001126163,-0.0010381625
1758172682271,31.458069,8.800057E-5,0.001126163,-0.0010381625
1758172682299,31.458069,9.680106E-5,0.001148911,-0.0010521099
1758172682299,31.457947,9.680106E-5,0.001148911,-0.0010521099
1758172682314,31.459045,9.680106E-5,0.001148911,-0.0010521099
1758172682340,31.459045,6.9550864E-5,0.0010978391,-0.0010282883
1758172682341,31.46344,6.9550864E-5,0.0010978391,-0.0010282883
1758172682376,31.451721,6.9550864E-5,0.0010978391,-0.0010282883
1758172682376,31.451721,1.0262452E-4,0.0010441222,-9.414976E-4
1758172682388,31.455658,1.0262452E-4,0.0010441222,-9.414976E-4
1758172682414,31.45285,1.0262452E-4,0.0010441222,-9.414976E-4
1758172682420,31.45285,8.803855E-5,0.0011307893,-0.0010427508
1758172682430,31.449371,8.803855E-5,0.0011307893,-0.0010427508
1758172682459,31.247467,8.803855E-5,0.0011307893,-0.0010427508
1758172682462,31.247467,1.6118276E-4,0.0010473139,-8.8613114E-4
1758172682482,31.370697,1.6118276E-4,0.0010473139,-8.8613114E-4
1758172682499,31.370697,1.8624502E-4,0.0011015632,-9.153182E-4
1758172682500,31.834503,1.8624502E-4,0.0011015632,-9.153182E-4
